:Item Number,QOH,Order Point,PriceA,PriceB,PriceC,PriceD,PriceE,PriceF,PriceG,CorePrice,Unit Measure,Description
321-2,11,16,74.34,85.49,98.31,113.06,130.02,149.52,55.76,25.00,Each,Reman Alternator
321-3,9,17,74.34,85.49,98.31,113.06,130.02,149.52,55.76,25.00,Each,Reman Alternator
321-4,1,7,74.34,85.49,98.31,113.06,130.02,149.52,55.76,25.00,Each,Reman Alternator
321-5,3,3,74.34,85.49,98.31,113.06,130.02,149.52,55.76,25.00,Each,Reman Alternator
321-6,4,6,74.34,85.49,98.31,113.06,130.02,149.52,55.76,25.00,Each,Reman Alternator
321-7,11,13,74.34,85.49,98.31,113.06,130.02,149.52,55.76,25.00,Each,Reman Alternator
321-8,6,7,74.34,85.49,98.31,113.06,130.02,149.52,55.76,25.00,Each,Reman Alternator
321-9,3,6,74.34,85.49,98.31,113.06,130.02,149.52,55.76,25.00,Each,Reman Alternator
321-10,8,19,74.34,85.49,98.31,113.06,130.02,149.52,55.76,25.00,Each,Reman Alternator
321-11,9,20,74.34,85.49,98.31,113.06,130.02,149.52,55.76,25.00,Each,Reman Alternator
321-12,3,10,74.34,85.49,98.31,113.06,130.02,149.52,55.76,25.00,Each,Reman Alternator
321-13,8,10,74.34,85.49,98.31,113.06,130.02,149.52,55.76,25.00,Each,Reman Alternator
321-14,9,19,74.34,85.49,98.31,113.06,130.02,149.52,55.76,25.00,Each,Reman Alternator
321-15,4,10,74.34,85.49,98.31,113.06,130.02,149.52,55.76,25.00,Each,Reman Alternator
321-16,10,17,74.34,85.49,98.31,113.06,130.02,149.52,55.76,25.00,Each,Reman Alternator
321-17,5,9,74.34,85.49,98.31,113.06,130.02,149.52,55.76,25.00,Each,Reman Alternator
321-18,4,14,74.34,85.49,98.31,113.06,130.02,149.52,55.76,25.00,Each,Reman Alternator
321-19,6,15,74.34,85.49,98.31,113.06,130.02,149.52,55.76,25.00,Each,Reman Alternator
321-20,6,10,74.34,85.49,98.31,113.06,130.02,149.52,55.76,25.00,Each,Reman Alternator
321-21,4,14,74.34,85.49,98.31,113.06,130.02,149.52,55.76,25.00,Each,Reman Alternator
321-22,6,6,74.34,85.49,98.31,113.06,130.02,149.52,55.76,25.00,Each,Reman Alternator
321-23,11,20,74.34,85.49,98.31,113.06,130.02,149.52,55.76,25.00,Each,Reman Alternator
321-24,3,6,74.34,85.49,98.31,113.06,130.02,149.52,55.76,25.00,Each,Reman Alternator
321-25,4,15,74.34,85.49,98.31,113.06,130.02,149.52,55.76,25.00,Each,Reman Alternator
321-26,3,5,74.34,85.49,98.31,113.06,130.02,149.52,55.76,25.00,Each,Reman Alternator
321-27,11,11,74.34,85.49,98.31,113.06,130.02,149.52,55.76,25.00,Each,Reman Alternator
321-28,9,19,74.34,85.49,98.31,113.06,130.02,149.52,55.76,25.00,Each,Reman Alternator
321-29,9,11,74.34,85.49,98.31,113.06,130.02,149.52,55.76,25.00,Each,Reman Alternator
321-30,9,20,74.34,85.49,98.31,113.06,130.02,149.52,55.76,25.00,Each,Reman Alternator
321-31,8,14,74.34,85.49,98.31,113.06,130.02,149.52,55.76,25.00,Each,Reman Alternator
321-32,4,12,74.34,85.49,98.31,113.06,130.02,149.52,55.76,25.00,Each,Reman Alternator
321-33,4,13,74.34,85.49,98.31,113.06,130.02,149.52,55.76,25.00,Each,Reman Alternator
321-34,6,7,74.34,85.49,98.31,113.06,130.02,149.52,55.76,25.00,Each,Reman Alternator
321-35,4,14,74.34,85.49,98.31,113.06,130.02,149.52,55.76,25.00,Each,Reman Alternator
321-36,6,9,74.34,85.49,98.31,113.06,130.02,149.52,55.76,25.00,Each,Reman Alternator
321-37,2,13,74.34,85.49,98.31,113.06,130.02,149.52,55.76,25.00,Each,Reman Alternator
321-38,9,16,74.34,85.49,98.31,113.06,130.02,149.52,55.76,25.00,Each,Reman Alternator
321-39,9,16,74.34,85.49,98.31,113.06,130.02,149.52,55.76,25.00,Each,Reman Alternator
321-40,9,19,74.34,85.49,98.31,113.06,130.02,149.52,55.76,25.00,Each,Reman Alternator
321-41,3,11,74.34,85.49,98.31,113.06,130.02,149.52,55.76,25.00,Each,Reman Alternator
321-42,4,5,74.34,85.49,98.31,113.06,130.02,149.52,55.76,25.00,Each,Reman Alternator
321-43,9,16,74.34,85.49,98.31,113.06,130.02,149.52,55.76,25.00,Each,Reman Alternator
321-44,8,8,74.34,85.49,98.31,113.06,130.02,149.52,55.76,25.00,Each,Reman Alternator
321-45,3,13,74.34,85.49,98.31,113.06,130.02,149.52,55.76,25.00,Each,Reman Alternator
321-46,8,12,74.34,85.49,98.31,113.06,130.02,149.52,55.76,25.00,Each,Reman Alternator
321-47,5,7,74.34,85.49,98.31,113.06,130.02,149.52,55.76,25.00,Each,Reman Alternator
321-48,10,13,74.34,85.49,98.31,113.06,130.02,149.52,55.76,25.00,Each,Reman Alternator
321-49,5,10,74.34,85.49,98.31,113.06,130.02,149.52,55.76,25.00,Each,Reman Alternator
321-50,11,21,74.34,85.49,98.31,113.06,130.02,149.52,55.76,25.00,Each,Reman Alternator
321-51,5,8,74.34,85.49,98.31,113.06,130.02,149.52,55.76,25.00,Each,Reman Alternator
321-52,10,21,74.34,85.49,98.31,113.06,130.02,149.52,55.76,25.00,Each,Reman Alternator
321-53,7,11,74.34,85.49,98.31,113.06,130.02,149.52,55.76,25.00,Each,Reman Alternator
321-54,6,14,74.34,85.49,98.31,113.06,130.02,149.52,55.76,25.00,Each,Reman Alternator
321-55,7,13,74.34,85.49,98.31,113.06,130.02,149.52,55.76,25.00,Each,Reman Alternator
321-56,2,7,74.34,85.49,98.31,113.06,130.02,149.52,55.76,25.00,Each,Reman Alternator
321-57,4,4,74.34,85.49,98.31,113.06,130.02,149.52,55.76,25.00,Each,Reman Alternator
321-58,11,17,74.34,85.49,98.31,113.06,130.02,149.52,55.76,25.00,Each,Reman Alternator
321-59,9,14,74.34,85.49,98.31,113.06,130.02,149.52,55.76,25.00,Each,Reman Alternator
321-60,2,5,74.34,85.49,98.31,113.06,130.02,149.52,55.76,25.00,Each,Reman Alternator
321-61,10,18,74.34,85.49,98.31,113.06,130.02,149.52,55.76,25.00,Each,Reman Alternator
321-62,3,5,74.34,85.49,98.31,113.06,130.02,149.52,55.76,25.00,Each,Reman Alternator
321-63,11,20,74.34,85.49,98.31,113.06,130.02,149.52,55.76,25.00,Each,Reman Alternator
321-64,11,16,74.34,85.49,98.31,113.06,130.02,149.52,55.76,25.00,Each,Reman Alternator
321-65,9,11,74.34,85.49,98.31,113.06,130.02,149.52,55.76,25.00,Each,Reman Alternator
321-66,8,10,74.34,85.49,98.31,113.06,130.02,149.52,55.76,25.00,Each,Reman Alternator
321-67,7,12,74.34,85.49,98.31,113.06,130.02,149.52,55.76,25.00,Each,Reman Alternator
321-68,8,9,74.34,85.49,98.31,113.06,130.02,149.52,55.76,25.00,Each,Reman Alternator
321-69,10,15,74.34,85.49,98.31,113.06,130.02,149.52,55.76,25.00,Each,Reman Alternator
321-70,2,8,74.34,85.49,98.31,113.06,130.02,149.52,55.76,25.00,Each,Reman Alternator
321-71,7,12,74.34,85.49,98.31,113.06,130.02,149.52,55.76,25.00,Each,Reman Alternator
321-72,4,10,74.34,85.49,98.31,113.06,130.02,149.52,55.76,25.00,Each,Reman Alternator
321-73,3,8,74.34,85.49,98.31,113.06,130.02,149.52,55.76,25.00,Each,Reman Alternator
321-74,2,11,74.34,85.49,98.31,113.06,130.02,149.52,55.76,25.00,Each,Reman Alternator
321-75,6,16,74.34,85.49,98.31,113.06,130.02,149.52,55.76,25.00,Each,Reman Alternator
321-76,10,21,74.34,85.49,98.31,113.06,130.02,149.52,55.76,25.00,Each,Reman Alternator
321-77,3,7,74.34,85.49,98.31,113.06,130.02,149.52,55.76,25.00,Each,Reman Alternator
321-78,6,9,74.34,85.49,98.31,113.06,130.02,149.52,55.76,25.00,Each,Reman Alternator
321-79,1,1,74.34,85.49,98.31,113.06,130.02,149.52,55.76,25.00,Each,Reman Alternator
321-80,8,10,74.34,85.49,98.31,113.06,130.02,149.52,55.76,25.00,Each,Reman Alternator
321-81,9,12,74.34,85.49,98.31,113.06,130.02,149.52,55.76,25.00,Each,Reman Alternator
321-82,7,9,74.34,85.49,98.31,113.06,130.02,149.52,55.76,25.00,Each,Reman Alternator
321-83,6,14,74.34,85.49,98.31,113.06,130.02,149.52,55.76,25.00,Each,Reman Alternator
321-84,2,4,74.34,85.49,98.31,113.06,130.02,149.52,55.76,25.00,Each,Reman Alternator
321-85,2,11,74.34,85.49,98.31,113.06,130.02,149.52,55.76,25.00,Each,Reman Alternator
321-86,8,12,74.34,85.49,98.31,113.06,130.02,149.52,55.76,25.00,Each,Reman Alternator
321-87,7,18,74.34,85.49,98.31,113.06,130.02,149.52,55.76,25.00,Each,Reman Alternator
321-88,3,8,74.34,85.49,98.31,113.06,130.02,149.52,55.76,25.00,Each,Reman Alternator
321-89,6,7,74.34,85.49,98.31,113.06,130.02,149.52,55.76,25.00,Each,Reman Alternator
321-90,5,13,74.34,85.49,98.31,113.06,130.02,149.52,55.76,25.00,Each,Reman Alternator
321-91,7,7,74.34,85.49,98.31,113.06,130.02,149.52,55.76,25.00,Each,Reman Alternator
321-92,9,19,74.34,85.49,98.31,113.06,130.02,149.52,55.76,25.00,Each,Reman Alternator
321-93,9,17,74.34,85.49,98.31,113.06,130.02,149.52,55.76,25.00,Each,Reman Alternator
321-94,11,19,74.34,85.49,98.31,113.06,130.02,149.52,55.76,25.00,Each,Reman Alternator
321-95,8,11,74.34,85.49,98.31,113.06,130.02,149.52,55.76,25.00,Each,Reman Alternator
321-96,2,5,74.34,85.49,98.31,113.06,130.02,149.52,55.76,25.00,Each,Reman Alternator
321-97,7,13,74.34,85.49,98.31,113.06,130.02,149.52,55.76,25.00,Each,Reman Alternator
321-98,9,9,74.34,85.49,98.31,113.06,130.02,149.52,55.76,25.00,Each,Reman Alternator
321-99,3,11,74.34,85.49,98.31,113.06,130.02,149.52,55.76,25.00,Each,Reman Alternator
321-100,2,3,74.34,85.49,98.31,113.06,130.02,149.52,55.76,25.00,Each,Reman Alternator
321-101,4,12,74.34,85.49,98.31,113.06,130.02,149.52,55.76,25.00,Each,Reman Alternator
321-102,6,8,74.34,85.49,98.31,113.06,130.02,149.52,55.76,25.00,Each,Reman Alternator
321-103,11,19,74.34,85.49,98.31,113.06,130.02,149.52,55.76,25.00,Each,Reman Alternator
321-104,4,9,74.34,85.49,98.31,113.06,130.02,149.52,55.76,25.00,Each,Reman Alternator
321-105,1,9,74.34,85.49,98.31,113.06,130.02,149.52,55.76,25.00,Each,Reman Alternator
321-106,3,7,74.34,85.49,98.31,113.06,130.02,149.52,55.76,25.00,Each,Reman Alternator
321-107,6,7,74.34,85.49,98.31,113.06,130.02,149.52,55.76,25.00,Each,Reman Alternator
321-108,5,6,74.34,85.49,98.31,113.06,130.02,149.52,55.76,25.00,Each,Reman Alternator
321-109,12,13,74.34,85.49,98.31,113.06,130.02,149.52,55.76,25.00,Each,Reman Alternator
321-110,1,5,74.34,85.49,98.31,113.06,130.02,149.52,55.76,25.00,Each,Reman Alternator
321-111,5,16,74.34,85.49,98.31,113.06,130.02,149.52,55.76,25.00,Each,Reman Alternator
321-112,5,7,74.34,85.49,98.31,113.06,130.02,149.52,55.76,25.00,Each,Reman Alternator
321-113,4,5,74.34,85.49,98.31,113.06,130.02,149.52,55.76,25.00,Each,Reman Alternator
321-114,5,9,74.34,85.49,98.31,113.06,130.02,149.52,55.76,25.00,Each,Reman Alternator
321-115,7,9,74.34,85.49,98.31,113.06,130.02,149.52,55.76,25.00,Each,Reman Alternator
321-116,9,13,74.34,85.49,98.31,113.06,130.02,149.52,55.76,25.00,Each,Reman Alternator
321-117,7,13,74.34,85.49,98.31,113.06,130.02,149.52,55.76,25.00,Each,Reman Alternator
321-118,7,14,74.34,85.49,98.31,113.06,130.02,149.52,55.76,25.00,Each,Reman Alternator
321-119,4,9,74.34,85.49,98.31,113.06,130.02,149.52,55.76,25.00,Each,Reman Alternator
321-120,2,7,74.34,85.49,98.31,113.06,130.02,149.52,55.76,25.00,Each,Reman Alternator
321-121,7,11,74.34,85.49,98.31,113.06,130.02,149.52,55.76,25.00,Each,Reman Alternator
321-122,7,11,74.34,85.49,98.31,113.06,130.02,149.52,55.76,25.00,Each,Reman Alternator
321-123,6,7,74.34,85.49,98.31,113.06,130.02,149.52,55.76,25.00,Each,Reman Alternator
321-124,5,7,74.34,85.49,98.31,113.06,130.02,149.52,55.76,25.00,Each,Reman Alternator
321-125,7,14,74.34,85.49,98.31,113.06,130.02,149.52,55.76,25.00,Each,Reman Alternator
321-126,2,4,74.34,85.49,98.31,113.06,130.02,149.52,55.76,25.00,Each,Reman Alternator
321-127,5,9,74.34,85.49,98.31,113.06,130.02,149.52,55.76,25.00,Each,Reman Alternator
321-128,8,12,74.34,85.49,98.31,113.06,130.02,149.52,55.76,25.00,Each,Reman Alternator
321-129,4,8,74.34,85.49,98.31,113.06,130.02,149.52,55.76,25.00,Each,Reman Alternator
321-130,3,10,74.34,85.49,98.31,113.06,130.02,149.52,55.76,25.00,Each,Reman Alternator
321-131,1,7,74.34,85.49,98.31,113.06,130.02,149.52,55.76,25.00,Each,Reman Alternator
321-132,7,16,74.34,85.49,98.31,113.06,130.02,149.52,55.76,25.00,Each,Reman Alternator
321-133,4,13,74.34,85.49,98.31,113.06,130.02,149.52,55.76,25.00,Each,Reman Alternator
321-134,5,6,74.34,85.49,98.31,113.06,130.02,149.52,55.76,25.00,Each,Reman Alternator
321-135,8,15,74.34,85.49,98.31,113.06,130.02,149.52,55.76,25.00,Each,Reman Alternator
321-136,2,7,74.34,85.49,98.31,113.06,130.02,149.52,55.76,25.00,Each,Reman Alternator
321-137,8,14,74.34,85.49,98.31,113.06,130.02,149.52,55.76,25.00,Each,Reman Alternator
321-138,5,6,74.34,85.49,98.31,113.06,130.02,149.52,55.76,25.00,Each,Reman Alternator
321-139,5,11,74.34,85.49,98.31,113.06,130.02,149.52,55.76,25.00,Each,Reman Alternator
321-140,12,18,74.34,85.49,98.31,113.06,130.02,149.52,55.76,25.00,Each,Reman Alternator
321-141,9,9,74.34,85.49,98.31,113.06,130.02,149.52,55.76,25.00,Each,Reman Alternator
321-142,8,15,74.34,85.49,98.31,113.06,130.02,149.52,55.76,25.00,Each,Reman Alternator
321-143,2,9,74.34,85.49,98.31,113.06,130.02,149.52,55.76,25.00,Each,Reman Alternator
321-144,6,16,74.34,85.49,98.31,113.06,130.02,149.52,55.76,25.00,Each,Reman Alternator
321-145,10,13,74.34,85.49,98.31,113.06,130.02,149.52,55.76,25.00,Each,Reman Alternator
321-146,4,4,74.34,85.49,98.31,113.06,130.02,149.52,55.76,25.00,Each,Reman Alternator
321-147,4,10,74.34,85.49,98.31,113.06,130.02,149.52,55.76,25.00,Each,Reman Alternator
321-148,10,12,74.34,85.49,98.31,113.06,130.02,149.52,55.76,25.00,Each,Reman Alternator
321-149,2,13,74.34,85.49,98.31,113.06,130.02,149.52,55.76,25.00,Each,Reman Alternator
321-150,5,11,74.34,85.49,98.31,113.06,130.02,149.52,55.76,25.00,Each,Reman Alternator
321-151,5,8,74.34,85.49,98.31,113.06,130.02,149.52,55.76,25.00,Each,Reman Alternator
321-152,5,10,74.34,85.49,98.31,113.06,130.02,149.52,55.76,25.00,Each,Reman Alternator
321-153,1,8,74.34,85.49,98.31,113.06,130.02,149.52,55.76,25.00,Each,Reman Alternator
321-154,6,17,74.34,85.49,98.31,113.06,130.02,149.52,55.76,25.00,Each,Reman Alternator
321-155,1,2,74.34,85.49,98.31,113.06,130.02,149.52,55.76,25.00,Each,Reman Alternator
321-156,11,20,74.34,85.49,98.31,113.06,130.02,149.52,55.76,25.00,Each,Reman Alternator
321-157,9,16,74.34,85.49,98.31,113.06,130.02,149.52,55.76,25.00,Each,Reman Alternator
321-158,10,18,74.34,85.49,98.31,113.06,130.02,149.52,55.76,25.00,Each,Reman Alternator
321-159,4,10,74.34,85.49,98.31,113.06,130.02,149.52,55.76,25.00,Each,Reman Alternator
321-160,2,8,74.34,85.49,98.31,113.06,130.02,149.52,55.76,25.00,Each,Reman Alternator
321-161,2,4,74.34,85.49,98.31,113.06,130.02,149.52,55.76,25.00,Each,Reman Alternator
321-162,6,10,74.34,85.49,98.31,113.06,130.02,149.52,55.76,25.00,Each,Reman Alternator
321-163,2,3,74.34,85.49,98.31,113.06,130.02,149.52,55.76,25.00,Each,Reman Alternator
321-164,6,15,74.34,85.49,98.31,113.06,130.02,149.52,55.76,25.00,Each,Reman Alternator
321-165,6,11,74.34,85.49,98.31,113.06,130.02,149.52,55.76,25.00,Each,Reman Alternator
321-166,9,18,74.34,85.49,98.31,113.06,130.02,149.52,55.76,25.00,Each,Reman Alternator
321-167,2,8,74.34,85.49,98.31,113.06,130.02,149.52,55.76,25.00,Each,Reman Alternator
321-168,7,10,74.34,85.49,98.31,113.06,130.02,149.52,55.76,25.00,Each,Reman Alternator
321-169,4,9,74.34,85.49,98.31,113.06,130.02,149.52,55.76,25.00,Each,Reman Alternator
321-170,3,9,74.34,85.49,98.31,113.06,130.02,149.52,55.76,25.00,Each,Reman Alternator
321-171,5,16,74.34,85.49,98.31,113.06,130.02,149.52,55.76,25.00,Each,Reman Alternator
321-172,3,4,74.34,85.49,98.31,113.06,130.02,149.52,55.76,25.00,Each,Reman Alternator
321-173,9,18,74.34,85.49,98.31,113.06,130.02,149.52,55.76,25.00,Each,Reman Alternator
321-174,7,10,74.34,85.49,98.31,113.06,130.02,149.52,55.76,25.00,Each,Reman Alternator
321-175,7,15,74.34,85.49,98.31,113.06,130.02,149.52,55.76,25.00,Each,Reman Alternator
321-176,6,11,74.34,85.49,98.31,113.06,130.02,149.52,55.76,25.00,Each,Reman Alternator
321-177,5,9,74.34,85.49,98.31,113.06,130.02,149.52,55.76,25.00,Each,Reman Alternator
321-178,7,7,74.34,85.49,98.31,113.06,130.02,149.52,55.76,25.00,Each,Reman Alternator
321-179,8,14,74.34,85.49,98.31,113.06,130.02,149.52,55.76,25.00,Each,Reman Alternator
321-180,7,14,74.34,85.49,98.31,113.06,130.02,149.52,55.76,25.00,Each,Reman Alternator
321-181,7,9,74.34,85.49,98.31,113.06,130.02,149.52,55.76,25.00,Each,Reman Alternator
321-182,10,21,74.34,85.49,98.31,113.06,130.02,149.52,55.76,25.00,Each,Reman Alternator
321-183,3,11,74.34,85.49,98.31,113.06,130.02,149.52,55.76,25.00,Each,Reman Alternator
321-184,5,15,74.34,85.49,98.31,113.06,130.02,149.52,55.76,25.00,Each,Reman Alternator
321-185,8,19,74.34,85.49,98.31,113.06,130.02,149.52,55.76,25.00,Each,Reman Alternator
321-186,9,18,74.34,85.49,98.31,113.06,130.02,149.52,55.76,25.00,Each,Reman Alternator
321-187,5,7,74.34,85.49,98.31,113.06,130.02,149.52,55.76,25.00,Each,Reman Alternator
321-188,10,10,74.34,85.49,98.31,113.06,130.02,149.52,55.76,25.00,Each,Reman Alternator
321-189,6,6,74.34,85.49,98.31,113.06,130.02,149.52,55.76,25.00,Each,Reman Alternator
321-190,4,8,74.34,85.49,98.31,113.06,130.02,149.52,55.76,25.00,Each,Reman Alternator
321-191,6,7,74.34,85.49,98.31,113.06,130.02,149.52,55.76,25.00,Each,Reman Alternator
321-192,2,7,74.34,85.49,98.31,113.06,130.02,149.52,55.76,25.00,Each,Reman Alternator
321-193,5,5,74.34,85.49,98.31,113.06,130.02,149.52,55.76,25.00,Each,Reman Alternator
321-194,12,17,74.34,85.49,98.31,113.06,130.02,149.52,55.76,25.00,Each,Reman Alternator
321-195,10,11,74.34,85.49,98.31,113.06,130.02,149.52,55.76,25.00,Each,Reman Alternator
321-196,3,14,74.34,85.49,98.31,113.06,130.02,149.52,55.76,25.00,Each,Reman Alternator
321-197,4,4,74.34,85.49,98.31,113.06,130.02,149.52,55.76,25.00,Each,Reman Alternator
321-198,7,10,74.34,85.49,98.31,113.06,130.02,149.52,55.76,25.00,Each,Reman Alternator
321-199,2,12,74.34,85.49,98.31,113.06,130.02,149.52,55.76,25.00,Each,Reman Alternator
321-200,9,9,74.34,85.49,98.31,113.06,130.02,149.52,55.76,25.00,Each,Reman Alternator
321-201,8,11,74.34,85.49,98.31,113.06,130.02,149.52,55.76,25.00,Each,Reman Alternator
321-202,4,15,74.34,85.49,98.31,113.06,130.02,149.52,55.76,25.00,Each,Reman Alternator
321-203,8,12,74.34,85.49,98.31,113.06,130.02,149.52,55.76,25.00,Each,Reman Alternator
321-204,5,12,74.34,85.49,98.31,113.06,130.02,149.52,55.76,25.00,Each,Reman Alternator
321-205,8,16,74.34,85.49,98.31,113.06,130.02,149.52,55.76,25.00,Each,Reman Alternator
321-206,10,12,74.34,85.49,98.31,113.06,130.02,149.52,55.76,25.00,Each,Reman Alternator
321-207,10,17,74.34,85.49,98.31,113.06,130.02,149.52,55.76,25.00,Each,Reman Alternator
321-208,7,9,74.34,85.49,98.31,113.06,130.02,149.52,55.76,25.00,Each,Reman Alternator
321-209,6,13,74.34,85.49,98.31,113.06,130.02,149.52,55.76,25.00,Each,Reman Alternator
321-210,4,8,74.34,85.49,98.31,113.06,130.02,149.52,55.76,25.00,Each,Reman Alternator
321-211,5,6,74.34,85.49,98.31,113.06,130.02,149.52,55.76,25.00,Each,Reman Alternator
321-212,3,11,74.34,85.49,98.31,113.06,130.02,149.52,55.76,25.00,Each,Reman Alternator
321-213,5,11,74.34,85.49,98.31,113.06,130.02,149.52,55.76,25.00,Each,Reman Alternator
321-214,8,14,74.34,85.49,98.31,113.06,130.02,149.52,55.76,25.00,Each,Reman Alternator
321-215,2,7,74.34,85.49,98.31,113.06,130.02,149.52,55.76,25.00,Each,Reman Alternator
321-216,5,11,74.34,85.49,98.31,113.06,130.02,149.52,55.76,25.00,Each,Reman Alternator
321-217,7,18,74.34,85.49,98.31,113.06,130.02,149.52,55.76,25.00,Each,Reman Alternator
321-218,4,14,74.34,85.49,98.31,113.06,130.02,149.52,55.76,25.00,Each,Reman Alternator
321-219,12,15,74.34,85.49,98.31,113.06,130.02,149.52,55.76,25.00,Each,Reman Alternator
321-220,10,13,74.34,85.49,98.31,113.06,130.02,149.52,55.76,25.00,Each,Reman Alternator
321-221,1,9,74.34,85.49,98.31,113.06,130.02,149.52,55.76,25.00,Each,Reman Alternator
321-222,2,11,74.34,85.49,98.31,113.06,130.02,149.52,55.76,25.00,Each,Reman Alternator
321-223,2,11,74.34,85.49,98.31,113.06,130.02,149.52,55.76,25.00,Each,Reman Alternator
321-224,7,8,74.34,85.49,98.31,113.06,130.02,149.52,55.76,25.00,Each,Reman Alternator
321-225,4,5,74.34,85.49,98.31,113.06,130.02,149.52,55.76,25.00,Each,Reman Alternator
321-226,3,5,74.34,85.49,98.31,113.06,130.02,149.52,55.76,25.00,Each,Reman Alternator
321-227,11,21,74.34,85.49,98.31,113.06,130.02,149.52,55.76,25.00,Each,Reman Alternator
321-228,2,6,74.34,85.49,98.31,113.06,130.02,149.52,55.76,25.00,Each,Reman Alternator
321-229,9,12,74.34,85.49,98.31,113.06,130.02,149.52,55.76,25.00,Each,Reman Alternator
321-230,8,16,74.34,85.49,98.31,113.06,130.02,149.52,55.76,25.00,Each,Reman Alternator
321-231,11,15,74.34,85.49,98.31,113.06,130.02,149.52,55.76,25.00,Each,Reman Alternator
321-232,3,3,74.34,85.49,98.31,113.06,130.02,149.52,55.76,25.00,Each,Reman Alternator
321-233,9,12,74.34,85.49,98.31,113.06,130.02,149.52,55.76,25.00,Each,Reman Alternator
321-234,2,10,74.34,85.49,98.31,113.06,130.02,149.52,55.76,25.00,Each,Reman Alternator
321-235,3,9,74.34,85.49,98.31,113.06,130.02,149.52,55.76,25.00,Each,Reman Alternator
321-236,7,17,74.34,85.49,98.31,113.06,130.02,149.52,55.76,25.00,Each,Reman Alternator
321-237,2,13,74.34,85.49,98.31,113.06,130.02,149.52,55.76,25.00,Each,Reman Alternator
321-238,2,5,74.34,85.49,98.31,113.06,130.02,149.52,55.76,25.00,Each,Reman Alternator
321-239,2,4,74.34,85.49,98.31,113.06,130.02,149.52,55.76,25.00,Each,Reman Alternator
321-240,4,6,74.34,85.49,98.31,113.06,130.02,149.52,55.76,25.00,Each,Reman Alternator
321-241,8,14,74.34,85.49,98.31,113.06,130.02,149.52,55.76,25.00,Each,Reman Alternator
321-242,8,19,74.34,85.49,98.31,113.06,130.02,149.52,55.76,25.00,Each,Reman Alternator
321-243,7,12,74.34,85.49,98.31,113.06,130.02,149.52,55.76,25.00,Each,Reman Alternator
321-244,2,7,74.34,85.49,98.31,113.06,130.02,149.52,55.76,25.00,Each,Reman Alternator
321-245,5,13,74.34,85.49,98.31,113.06,130.02,149.52,55.76,25.00,Each,Reman Alternator
321-246,4,9,74.34,85.49,98.31,113.06,130.02,149.52,55.76,25.00,Each,Reman Alternator
321-247,2,5,74.34,85.49,98.31,113.06,130.02,149.52,55.76,25.00,Each,Reman Alternator
321-248,11,19,74.34,85.49,98.31,113.06,130.02,149.52,55.76,25.00,Each,Reman Alternator
321-249,12,12,74.34,85.49,98.31,113.06,130.02,149.52,55.76,25.00,Each,Reman Alternator
321-250,2,7,74.34,85.49,98.31,113.06,130.02,149.52,55.76,25.00,Each,Reman Alternator
321-251,2,3,74.34,85.49,98.31,113.06,130.02,149.52,55.76,25.00,Each,Reman Alternator
321-252,4,11,74.34,85.49,98.31,113.06,130.02,149.52,55.76,25.00,Each,Reman Alternator
321-253,5,8,74.34,85.49,98.31,113.06,130.02,149.52,55.76,25.00,Each,Reman Alternator
321-254,3,8,74.34,85.49,98.31,113.06,130.02,149.52,55.76,25.00,Each,Reman Alternator
321-255,5,12,74.34,85.49,98.31,113.06,130.02,149.52,55.76,25.00,Each,Reman Alternator
321-256,1,6,74.34,85.49,98.31,113.06,130.02,149.52,55.76,25.00,Each,Reman Alternator
321-257,9,12,74.34,85.49,98.31,113.06,130.02,149.52,55.76,25.00,Each,Reman Alternator
321-258,8,18,74.34,85.49,98.31,113.06,130.02,149.52,55.76,25.00,Each,Reman Alternator
321-259,6,7,74.34,85.49,98.31,113.06,130.02,149.52,55.76,25.00,Each,Reman Alternator
321-260,10,15,74.34,85.49,98.31,113.06,130.02,149.52,55.76,25.00,Each,Reman Alternator
321-261,12,22,74.34,85.49,98.31,113.06,130.02,149.52,55.76,25.00,Each,Reman Alternator
321-262,2,5,74.34,85.49,98.31,113.06,130.02,149.52,55.76,25.00,Each,Reman Alternator
321-263,3,7,74.34,85.49,98.31,113.06,130.02,149.52,55.76,25.00,Each,Reman Alternator
321-264,6,16,74.34,85.49,98.31,113.06,130.02,149.52,55.76,25.00,Each,Reman Alternator
321-265,11,22,74.34,85.49,98.31,113.06,130.02,149.52,55.76,25.00,Each,Reman Alternator
321-266,5,5,74.34,85.49,98.31,113.06,130.02,149.52,55.76,25.00,Each,Reman Alternator
321-267,4,11,74.34,85.49,98.31,113.06,130.02,149.52,55.76,25.00,Each,Reman Alternator
321-268,10,12,74.34,85.49,98.31,113.06,130.02,149.52,55.76,25.00,Each,Reman Alternator
321-269,5,11,74.34,85.49,98.31,113.06,130.02,149.52,55.76,25.00,Each,Reman Alternator
321-270,10,15,74.34,85.49,98.31,113.06,130.02,149.52,55.76,25.00,Each,Reman Alternator
321-271,2,5,74.34,85.49,98.31,113.06,130.02,149.52,55.76,25.00,Each,Reman Alternator
321-272,12,17,74.34,85.49,98.31,113.06,130.02,149.52,55.76,25.00,Each,Reman Alternator
321-273,8,8,74.34,85.49,98.31,113.06,130.02,149.52,55.76,25.00,Each,Reman Alternator
321-274,5,9,74.34,85.49,98.31,113.06,130.02,149.52,55.76,25.00,Each,Reman Alternator
321-275,2,10,74.34,85.49,98.31,113.06,130.02,149.52,55.76,25.00,Each,Reman Alternator
321-276,6,8,74.34,85.49,98.31,113.06,130.02,149.52,55.76,25.00,Each,Reman Alternator
321-277,12,15,74.34,85.49,98.31,113.06,130.02,149.52,55.76,25.00,Each,Reman Alternator
321-278,4,8,74.34,85.49,98.31,113.06,130.02,149.52,55.76,25.00,Each,Reman Alternator
321-279,8,15,74.34,85.49,98.31,113.06,130.02,149.52,55.76,25.00,Each,Reman Alternator
321-280,11,20,74.34,85.49,98.31,113.06,130.02,149.52,55.76,25.00,Each,Reman Alternator
321-281,2,4,74.34,85.49,98.31,113.06,130.02,149.52,55.76,25.00,Each,Reman Alternator
321-282,9,10,74.34,85.49,98.31,113.06,130.02,149.52,55.76,25.00,Each,Reman Alternator
321-283,5,10,74.34,85.49,98.31,113.06,130.02,149.52,55.76,25.00,Each,Reman Alternator
321-284,12,20,74.34,85.49,98.31,113.06,130.02,149.52,55.76,25.00,Each,Reman Alternator
321-285,11,13,74.34,85.49,98.31,113.06,130.02,149.52,55.76,25.00,Each,Reman Alternator
321-286,9,11,74.34,85.49,98.31,113.06,130.02,149.52,55.76,25.00,Each,Reman Alternator
321-287,11,15,74.34,85.49,98.31,113.06,130.02,149.52,55.76,25.00,Each,Reman Alternator
321-288,9,11,74.34,85.49,98.31,113.06,130.02,149.52,55.76,25.00,Each,Reman Alternator
321-289,9,15,74.34,85.49,98.31,113.06,130.02,149.52,55.76,25.00,Each,Reman Alternator
321-290,9,19,74.34,85.49,98.31,113.06,130.02,149.52,55.76,25.00,Each,Reman Alternator
321-291,11,16,74.34,85.49,98.31,113.06,130.02,149.52,55.76,25.00,Each,Reman Alternator
321-292,4,13,74.34,85.49,98.31,113.06,130.02,149.52,55.76,25.00,Each,Reman Alternator
321-293,3,9,74.34,85.49,98.31,113.06,130.02,149.52,55.76,25.00,Each,Reman Alternator
321-294,6,7,74.34,85.49,98.31,113.06,130.02,149.52,55.76,25.00,Each,Reman Alternator
321-295,8,9,74.34,85.49,98.31,113.06,130.02,149.52,55.76,25.00,Each,Reman Alternator
321-296,3,4,74.34,85.49,98.31,113.06,130.02,149.52,55.76,25.00,Each,Reman Alternator
321-297,2,8,74.34,85.49,98.31,113.06,130.02,149.52,55.76,25.00,Each,Reman Alternator
321-298,6,10,74.34,85.49,98.31,113.06,130.02,149.52,55.76,25.00,Each,Reman Alternator
321-299,4,7,74.34,85.49,98.31,113.06,130.02,149.52,55.76,25.00,Each,Reman Alternator
321-300,8,9,74.34,85.49,98.31,113.06,130.02,149.52,55.76,25.00,Each,Reman Alternator
321-301,2,7,74.34,85.49,98.31,113.06,130.02,149.52,55.76,25.00,Each,Reman Alternator
321-302,10,13,74.34,85.49,98.31,113.06,130.02,149.52,55.76,25.00,Each,Reman Alternator
321-303,3,6,74.34,85.49,98.31,113.06,130.02,149.52,55.76,25.00,Each,Reman Alternator
321-304,2,6,74.34,85.49,98.31,113.06,130.02,149.52,55.76,25.00,Each,Reman Alternator
321-305,7,10,74.34,85.49,98.31,113.06,130.02,149.52,55.76,25.00,Each,Reman Alternator
321-306,5,12,74.34,85.49,98.31,113.06,130.02,149.52,55.76,25.00,Each,Reman Alternator
321-307,3,8,74.34,85.49,98.31,113.06,130.02,149.52,55.76,25.00,Each,Reman Alternator
321-308,10,16,74.34,85.49,98.31,113.06,130.02,149.52,55.76,25.00,Each,Reman Alternator
321-309,5,12,74.34,85.49,98.31,113.06,130.02,149.52,55.76,25.00,Each,Reman Alternator
321-310,9,16,74.34,85.49,98.31,113.06,130.02,149.52,55.76,25.00,Each,Reman Alternator
321-311,2,9,74.34,85.49,98.31,113.06,130.02,149.52,55.76,25.00,Each,Reman Alternator
321-312,2,8,74.34,85.49,98.31,113.06,130.02,149.52,55.76,25.00,Each,Reman Alternator
321-313,10,17,74.34,85.49,98.31,113.06,130.02,149.52,55.76,25.00,Each,Reman Alternator
321-314,6,9,74.34,85.49,98.31,113.06,130.02,149.52,55.76,25.00,Each,Reman Alternator
321-315,7,12,74.34,85.49,98.31,113.06,130.02,149.52,55.76,25.00,Each,Reman Alternator
321-316,5,9,74.34,85.49,98.31,113.06,130.02,149.52,55.76,25.00,Each,Reman Alternator
321-317,3,6,74.34,85.49,98.31,113.06,130.02,149.52,55.76,25.00,Each,Reman Alternator
321-318,11,19,74.34,85.49,98.31,113.06,130.02,149.52,55.76,25.00,Each,Reman Alternator
321-319,4,12,74.34,85.49,98.31,113.06,130.02,149.52,55.76,25.00,Each,Reman Alternator
321-320,5,8,74.34,85.49,98.31,113.06,130.02,149.52,55.76,25.00,Each,Reman Alternator
321-321,7,17,74.34,85.49,98.31,113.06,130.02,149.52,55.76,25.00,Each,Reman Alternator
321-322,5,13,74.34,85.49,98.31,113.06,130.02,149.52,55.76,25.00,Each,Reman Alternator
321-323,8,14,74.34,85.49,98.31,113.06,130.02,149.52,55.76,25.00,Each,Reman Alternator
321-324,12,21,74.34,85.49,98.31,113.06,130.02,149.52,55.76,25.00,Each,Reman Alternator
321-325,2,3,74.34,85.49,98.31,113.06,130.02,149.52,55.76,25.00,Each,Reman Alternator
321-326,4,9,74.34,85.49,98.31,113.06,130.02,149.52,55.76,25.00,Each,Reman Alternator
321-327,2,6,74.34,85.49,98.31,113.06,130.02,149.52,55.76,25.00,Each,Reman Alternator
321-328,11,13,74.34,85.49,98.31,113.06,130.02,149.52,55.76,25.00,Each,Reman Alternator
321-329,6,11,74.34,85.49,98.31,113.06,130.02,149.52,55.76,25.00,Each,Reman Alternator
321-330,2,6,74.34,85.49,98.31,113.06,130.02,149.52,55.76,25.00,Each,Reman Alternator
321-331,3,10,74.34,85.49,98.31,113.06,130.02,149.52,55.76,25.00,Each,Reman Alternator
321-332,7,17,74.34,85.49,98.31,113.06,130.02,149.52,55.76,25.00,Each,Reman Alternator
321-333,5,10,74.34,85.49,98.31,113.06,130.02,149.52,55.76,25.00,Each,Reman Alternator
321-334,8,14,74.34,85.49,98.31,113.06,130.02,149.52,55.76,25.00,Each,Reman Alternator
321-335,3,3,74.34,85.49,98.31,113.06,130.02,149.52,55.76,25.00,Each,Reman Alternator
321-336,3,8,74.34,85.49,98.31,113.06,130.02,149.52,55.76,25.00,Each,Reman Alternator
321-337,2,8,74.34,85.49,98.31,113.06,130.02,149.52,55.76,25.00,Each,Reman Alternator
321-338,7,13,74.34,85.49,98.31,113.06,130.02,149.52,55.76,25.00,Each,Reman Alternator
321-339,7,16,74.34,85.49,98.31,113.06,130.02,149.52,55.76,25.00,Each,Reman Alternator
321-340,3,5,74.34,85.49,98.31,113.06,130.02,149.52,55.76,25.00,Each,Reman Alternator
321-341,10,17,74.34,85.49,98.31,113.06,130.02,149.52,55.76,25.00,Each,Reman Alternator
321-342,1,4,74.34,85.49,98.31,113.06,130.02,149.52,55.76,25.00,Each,Reman Alternator
321-343,9,14,74.34,85.49,98.31,113.06,130.02,149.52,55.76,25.00,Each,Reman Alternator
321-344,6,10,74.34,85.49,98.31,113.06,130.02,149.52,55.76,25.00,Each,Reman Alternator
321-345,2,10,74.34,85.49,98.31,113.06,130.02,149.52,55.76,25.00,Each,Reman Alternator
321-346,10,14,74.34,85.49,98.31,113.06,130.02,149.52,55.76,25.00,Each,Reman Alternator
321-347,5,12,74.34,85.49,98.31,113.06,130.02,149.52,55.76,25.00,Each,Reman Alternator
321-348,11,14,74.34,85.49,98.31,113.06,130.02,149.52,55.76,25.00,Each,Reman Alternator
321-349,11,15,74.34,85.49,98.31,113.06,130.02,149.52,55.76,25.00,Each,Reman Alternator
321-350,11,18,74.34,85.49,98.31,113.06,130.02,149.52,55.76,25.00,Each,Reman Alternator
321-351,12,19,74.34,85.49,98.31,113.06,130.02,149.52,55.76,25.00,Each,Reman Alternator
321-352,5,6,74.34,85.49,98.31,113.06,130.02,149.52,55.76,25.00,Each,Reman Alternator
321-353,10,11,74.34,85.49,98.31,113.06,130.02,149.52,55.76,25.00,Each,Reman Alternator
321-354,4,11,74.34,85.49,98.31,113.06,130.02,149.52,55.76,25.00,Each,Reman Alternator
321-355,10,12,74.34,85.49,98.31,113.06,130.02,149.52,55.76,25.00,Each,Reman Alternator
321-356,1,1,74.34,85.49,98.31,113.06,130.02,149.52,55.76,25.00,Each,Reman Alternator
321-357,1,5,74.34,85.49,98.31,113.06,130.02,149.52,55.76,25.00,Each,Reman Alternator
321-358,7,15,74.34,85.49,98.31,113.06,130.02,149.52,55.76,25.00,Each,Reman Alternator
321-359,7,15,74.34,85.49,98.31,113.06,130.02,149.52,55.76,25.00,Each,Reman Alternator
321-360,4,12,74.34,85.49,98.31,113.06,130.02,149.52,55.76,25.00,Each,Reman Alternator
321-361,6,13,74.34,85.49,98.31,113.06,130.02,149.52,55.76,25.00,Each,Reman Alternator
321-362,6,9,74.34,85.49,98.31,113.06,130.02,149.52,55.76,25.00,Each,Reman Alternator
321-363,10,16,74.34,85.49,98.31,113.06,130.02,149.52,55.76,25.00,Each,Reman Alternator
321-364,4,9,74.34,85.49,98.31,113.06,130.02,149.52,55.76,25.00,Each,Reman Alternator
321-365,2,12,74.34,85.49,98.31,113.06,130.02,149.52,55.76,25.00,Each,Reman Alternator
321-366,3,8,74.34,85.49,98.31,113.06,130.02,149.52,55.76,25.00,Each,Reman Alternator
321-367,4,6,74.34,85.49,98.31,113.06,130.02,149.52,55.76,25.00,Each,Reman Alternator
321-368,5,9,74.34,85.49,98.31,113.06,130.02,149.52,55.76,25.00,Each,Reman Alternator
321-369,2,8,74.34,85.49,98.31,113.06,130.02,149.52,55.76,25.00,Each,Reman Alternator
321-370,9,10,74.34,85.49,98.31,113.06,130.02,149.52,55.76,25.00,Each,Reman Alternator
321-371,9,13,74.34,85.49,98.31,113.06,130.02,149.52,55.76,25.00,Each,Reman Alternator
321-372,10,10,74.34,85.49,98.31,113.06,130.02,149.52,55.76,25.00,Each,Reman Alternator
321-373,5,8,74.34,85.49,98.31,113.06,130.02,149.52,55.76,25.00,Each,Reman Alternator
321-374,7,10,74.34,85.49,98.31,113.06,130.02,149.52,55.76,25.00,Each,Reman Alternator
321-375,1,4,74.34,85.49,98.31,113.06,130.02,149.52,55.76,25.00,Each,Reman Alternator
321-376,6,9,74.34,85.49,98.31,113.06,130.02,149.52,55.76,25.00,Each,Reman Alternator
323-377,11,11,56.23,64.66,74.36,85.51,98.34,113.09,42.17,25.00,Each,Reman Starter
323-378,9,19,56.23,64.66,74.36,85.51,98.34,113.09,42.17,25.00,Each,Reman Starter
323-379,7,12,56.23,64.66,74.36,85.51,98.34,113.09,42.17,25.00,Each,Reman Starter
323-380,9,13,56.23,64.66,74.36,85.51,98.34,113.09,42.17,25.00,Each,Reman Starter
323-381,7,12,56.23,64.66,74.36,85.51,98.34,113.09,42.17,25.00,Each,Reman Starter
323-382,2,11,56.23,64.66,74.36,85.51,98.34,113.09,42.17,25.00,Each,Reman Starter
323-383,4,13,56.23,64.66,74.36,85.51,98.34,113.09,42.17,25.00,Each,Reman Starter
323-384,2,2,56.23,64.66,74.36,85.51,98.34,113.09,42.17,25.00,Each,Reman Starter
323-385,9,16,56.23,64.66,74.36,85.51,98.34,113.09,42.17,25.00,Each,Reman Starter
323-386,7,13,56.23,64.66,74.36,85.51,98.34,113.09,42.17,25.00,Each,Reman Starter
323-387,6,16,56.23,64.66,74.36,85.51,98.34,113.09,42.17,25.00,Each,Reman Starter
323-388,4,6,56.23,64.66,74.36,85.51,98.34,113.09,42.17,25.00,Each,Reman Starter
323-389,2,12,56.23,64.66,74.36,85.51,98.34,113.09,42.17,25.00,Each,Reman Starter
323-390,5,15,56.23,64.66,74.36,85.51,98.34,113.09,42.17,25.00,Each,Reman Starter
323-391,6,13,56.23,64.66,74.36,85.51,98.34,113.09,42.17,25.00,Each,Reman Starter
323-392,9,13,56.23,64.66,74.36,85.51,98.34,113.09,42.17,25.00,Each,Reman Starter
323-393,2,11,56.23,64.66,74.36,85.51,98.34,113.09,42.17,25.00,Each,Reman Starter
323-394,6,8,56.23,64.66,74.36,85.51,98.34,113.09,42.17,25.00,Each,Reman Starter
323-395,4,15,56.23,64.66,74.36,85.51,98.34,113.09,42.17,25.00,Each,Reman Starter
323-396,1,9,56.23,64.66,74.36,85.51,98.34,113.09,42.17,25.00,Each,Reman Starter
323-397,10,16,56.23,64.66,74.36,85.51,98.34,113.09,42.17,25.00,Each,Reman Starter
323-398,5,8,56.23,64.66,74.36,85.51,98.34,113.09,42.17,25.00,Each,Reman Starter
323-399,3,4,56.23,64.66,74.36,85.51,98.34,113.09,42.17,25.00,Each,Reman Starter
323-400,5,5,56.23,64.66,74.36,85.51,98.34,113.09,42.17,25.00,Each,Reman Starter
323-401,1,8,56.23,64.66,74.36,85.51,98.34,113.09,42.17,25.00,Each,Reman Starter
323-402,9,20,56.23,64.66,74.36,85.51,98.34,113.09,42.17,25.00,Each,Reman Starter
323-403,2,5,56.23,64.66,74.36,85.51,98.34,113.09,42.17,25.00,Each,Reman Starter
323-404,10,17,56.23,64.66,74.36,85.51,98.34,113.09,42.17,25.00,Each,Reman Starter
323-405,11,14,56.23,64.66,74.36,85.51,98.34,113.09,42.17,25.00,Each,Reman Starter
323-406,11,13,56.23,64.66,74.36,85.51,98.34,113.09,42.17,25.00,Each,Reman Starter
323-407,9,18,56.23,64.66,74.36,85.51,98.34,113.09,42.17,25.00,Each,Reman Starter
323-408,11,17,56.23,64.66,74.36,85.51,98.34,113.09,42.17,25.00,Each,Reman Starter
323-409,3,9,56.23,64.66,74.36,85.51,98.34,113.09,42.17,25.00,Each,Reman Starter
323-410,6,11,56.23,64.66,74.36,85.51,98.34,113.09,42.17,25.00,Each,Reman Starter
323-411,9,18,56.23,64.66,74.36,85.51,98.34,113.09,42.17,25.00,Each,Reman Starter
323-412,8,11,56.23,64.66,74.36,85.51,98.34,113.09,42.17,25.00,Each,Reman Starter
323-413,7,14,56.23,64.66,74.36,85.51,98.34,113.09,42.17,25.00,Each,Reman Starter
323-414,1,8,56.23,64.66,74.36,85.51,98.34,113.09,42.17,25.00,Each,Reman Starter
323-415,6,8,56.23,64.66,74.36,85.51,98.34,113.09,42.17,25.00,Each,Reman Starter
323-416,10,21,56.23,64.66,74.36,85.51,98.34,113.09,42.17,25.00,Each,Reman Starter
323-417,6,13,56.23,64.66,74.36,85.51,98.34,113.09,42.17,25.00,Each,Reman Starter
323-418,10,19,56.23,64.66,74.36,85.51,98.34,113.09,42.17,25.00,Each,Reman Starter
323-419,10,12,56.23,64.66,74.36,85.51,98.34,113.09,42.17,25.00,Each,Reman Starter
323-420,4,10,56.23,64.66,74.36,85.51,98.34,113.09,42.17,25.00,Each,Reman Starter
323-421,1,8,56.23,64.66,74.36,85.51,98.34,113.09,42.17,25.00,Each,Reman Starter
323-422,2,9,56.23,64.66,74.36,85.51,98.34,113.09,42.17,25.00,Each,Reman Starter
323-423,5,12,56.23,64.66,74.36,85.51,98.34,113.09,42.17,25.00,Each,Reman Starter
323-424,12,14,56.23,64.66,74.36,85.51,98.34,113.09,42.17,25.00,Each,Reman Starter
323-425,6,17,56.23,64.66,74.36,85.51,98.34,113.09,42.17,25.00,Each,Reman Starter
323-426,2,9,56.23,64.66,74.36,85.51,98.34,113.09,42.17,25.00,Each,Reman Starter
323-427,3,8,56.23,64.66,74.36,85.51,98.34,113.09,42.17,25.00,Each,Reman Starter
323-428,2,7,56.23,64.66,74.36,85.51,98.34,113.09,42.17,25.00,Each,Reman Starter
323-429,10,12,56.23,64.66,74.36,85.51,98.34,113.09,42.17,25.00,Each,Reman Starter
323-430,3,5,56.23,64.66,74.36,85.51,98.34,113.09,42.17,25.00,Each,Reman Starter
323-431,12,12,56.23,64.66,74.36,85.51,98.34,113.09,42.17,25.00,Each,Reman Starter
323-432,2,11,56.23,64.66,74.36,85.51,98.34,113.09,42.17,25.00,Each,Reman Starter
323-433,3,5,56.23,64.66,74.36,85.51,98.34,113.09,42.17,25.00,Each,Reman Starter
323-434,6,9,56.23,64.66,74.36,85.51,98.34,113.09,42.17,25.00,Each,Reman Starter
323-435,5,6,56.23,64.66,74.36,85.51,98.34,113.09,42.17,25.00,Each,Reman Starter
323-436,6,9,56.23,64.66,74.36,85.51,98.34,113.09,42.17,25.00,Each,Reman Starter
323-437,3,4,56.23,64.66,74.36,85.51,98.34,113.09,42.17,25.00,Each,Reman Starter
323-438,8,9,56.23,64.66,74.36,85.51,98.34,113.09,42.17,25.00,Each,Reman Starter
323-439,10,21,56.23,64.66,74.36,85.51,98.34,113.09,42.17,25.00,Each,Reman Starter
323-440,8,11,56.23,64.66,74.36,85.51,98.34,113.09,42.17,25.00,Each,Reman Starter
323-441,3,9,56.23,64.66,74.36,85.51,98.34,113.09,42.17,25.00,Each,Reman Starter
323-442,12,19,56.23,64.66,74.36,85.51,98.34,113.09,42.17,25.00,Each,Reman Starter
323-443,4,6,56.23,64.66,74.36,85.51,98.34,113.09,42.17,25.00,Each,Reman Starter
323-444,8,10,56.23,64.66,74.36,85.51,98.34,113.09,42.17,25.00,Each,Reman Starter
323-445,8,13,56.23,64.66,74.36,85.51,98.34,113.09,42.17,25.00,Each,Reman Starter
323-446,10,17,56.23,64.66,74.36,85.51,98.34,113.09,42.17,25.00,Each,Reman Starter
323-447,2,8,56.23,64.66,74.36,85.51,98.34,113.09,42.17,25.00,Each,Reman Starter
323-448,2,8,56.23,64.66,74.36,85.51,98.34,113.09,42.17,25.00,Each,Reman Starter
323-449,4,4,56.23,64.66,74.36,85.51,98.34,113.09,42.17,25.00,Each,Reman Starter
323-450,10,15,56.23,64.66,74.36,85.51,98.34,113.09,42.17,25.00,Each,Reman Starter
323-451,4,8,56.23,64.66,74.36,85.51,98.34,113.09,42.17,25.00,Each,Reman Starter
323-452,11,15,56.23,64.66,74.36,85.51,98.34,113.09,42.17,25.00,Each,Reman Starter
323-453,8,9,56.23,64.66,74.36,85.51,98.34,113.09,42.17,25.00,Each,Reman Starter
323-454,2,4,56.23,64.66,74.36,85.51,98.34,113.09,42.17,25.00,Each,Reman Starter
323-455,2,4,56.23,64.66,74.36,85.51,98.34,113.09,42.17,25.00,Each,Reman Starter
323-456,5,6,56.23,64.66,74.36,85.51,98.34,113.09,42.17,25.00,Each,Reman Starter
323-457,12,17,56.23,64.66,74.36,85.51,98.34,113.09,42.17,25.00,Each,Reman Starter
323-458,11,16,56.23,64.66,74.36,85.51,98.34,113.09,42.17,25.00,Each,Reman Starter
323-459,11,13,56.23,64.66,74.36,85.51,98.34,113.09,42.17,25.00,Each,Reman Starter
323-460,8,11,56.23,64.66,74.36,85.51,98.34,113.09,42.17,25.00,Each,Reman Starter
323-461,8,11,56.23,64.66,74.36,85.51,98.34,113.09,42.17,25.00,Each,Reman Starter
323-462,6,13,56.23,64.66,74.36,85.51,98.34,113.09,42.17,25.00,Each,Reman Starter
323-463,10,17,56.23,64.66,74.36,85.51,98.34,113.09,42.17,25.00,Each,Reman Starter
323-464,2,4,56.23,64.66,74.36,85.51,98.34,113.09,42.17,25.00,Each,Reman Starter
323-465,10,17,56.23,64.66,74.36,85.51,98.34,113.09,42.17,25.00,Each,Reman Starter
323-466,6,8,56.23,64.66,74.36,85.51,98.34,113.09,42.17,25.00,Each,Reman Starter
323-467,12,14,56.23,64.66,74.36,85.51,98.34,113.09,42.17,25.00,Each,Reman Starter
323-468,11,12,56.23,64.66,74.36,85.51,98.34,113.09,42.17,25.00,Each,Reman Starter
323-469,11,14,56.23,64.66,74.36,85.51,98.34,113.09,42.17,25.00,Each,Reman Starter
323-470,6,14,56.23,64.66,74.36,85.51,98.34,113.09,42.17,25.00,Each,Reman Starter
323-471,12,20,56.23,64.66,74.36,85.51,98.34,113.09,42.17,25.00,Each,Reman Starter
323-472,6,14,56.23,64.66,74.36,85.51,98.34,113.09,42.17,25.00,Each,Reman Starter
323-473,11,19,56.23,64.66,74.36,85.51,98.34,113.09,42.17,25.00,Each,Reman Starter
323-474,9,17,56.23,64.66,74.36,85.51,98.34,113.09,42.17,25.00,Each,Reman Starter
323-475,12,20,56.23,64.66,74.36,85.51,98.34,113.09,42.17,25.00,Each,Reman Starter
323-476,10,17,56.23,64.66,74.36,85.51,98.34,113.09,42.17,25.00,Each,Reman Starter
323-477,12,17,56.23,64.66,74.36,85.51,98.34,113.09,42.17,25.00,Each,Reman Starter
323-478,4,5,56.23,64.66,74.36,85.51,98.34,113.09,42.17,25.00,Each,Reman Starter
323-479,2,6,56.23,64.66,74.36,85.51,98.34,113.09,42.17,25.00,Each,Reman Starter
323-480,2,4,56.23,64.66,74.36,85.51,98.34,113.09,42.17,25.00,Each,Reman Starter
323-481,2,8,56.23,64.66,74.36,85.51,98.34,113.09,42.17,25.00,Each,Reman Starter
323-482,2,6,56.23,64.66,74.36,85.51,98.34,113.09,42.17,25.00,Each,Reman Starter
323-483,11,17,56.23,64.66,74.36,85.51,98.34,113.09,42.17,25.00,Each,Reman Starter
323-484,2,4,56.23,64.66,74.36,85.51,98.34,113.09,42.17,25.00,Each,Reman Starter
323-485,2,12,56.23,64.66,74.36,85.51,98.34,113.09,42.17,25.00,Each,Reman Starter
323-486,4,10,56.23,64.66,74.36,85.51,98.34,113.09,42.17,25.00,Each,Reman Starter
323-487,10,21,56.23,64.66,74.36,85.51,98.34,113.09,42.17,25.00,Each,Reman Starter
323-488,5,16,56.23,64.66,74.36,85.51,98.34,113.09,42.17,25.00,Each,Reman Starter
323-489,7,10,56.23,64.66,74.36,85.51,98.34,113.09,42.17,25.00,Each,Reman Starter
323-490,9,17,56.23,64.66,74.36,85.51,98.34,113.09,42.17,25.00,Each,Reman Starter
323-491,4,5,56.23,64.66,74.36,85.51,98.34,113.09,42.17,25.00,Each,Reman Starter
323-492,10,10,56.23,64.66,74.36,85.51,98.34,113.09,42.17,25.00,Each,Reman Starter
323-493,5,14,56.23,64.66,74.36,85.51,98.34,113.09,42.17,25.00,Each,Reman Starter
323-494,8,12,56.23,64.66,74.36,85.51,98.34,113.09,42.17,25.00,Each,Reman Starter
323-495,10,21,56.23,64.66,74.36,85.51,98.34,113.09,42.17,25.00,Each,Reman Starter
323-496,9,10,56.23,64.66,74.36,85.51,98.34,113.09,42.17,25.00,Each,Reman Starter
323-497,11,15,56.23,64.66,74.36,85.51,98.34,113.09,42.17,25.00,Each,Reman Starter
323-498,5,14,56.23,64.66,74.36,85.51,98.34,113.09,42.17,25.00,Each,Reman Starter
323-499,4,14,56.23,64.66,74.36,85.51,98.34,113.09,42.17,25.00,Each,Reman Starter
323-500,3,5,56.23,64.66,74.36,85.51,98.34,113.09,42.17,25.00,Each,Reman Starter
323-501,7,7,56.23,64.66,74.36,85.51,98.34,113.09,42.17,25.00,Each,Reman Starter
323-502,3,11,56.23,64.66,74.36,85.51,98.34,113.09,42.17,25.00,Each,Reman Starter
323-503,2,3,56.23,64.66,74.36,85.51,98.34,113.09,42.17,25.00,Each,Reman Starter
323-504,10,11,56.23,64.66,74.36,85.51,98.34,113.09,42.17,25.00,Each,Reman Starter
323-505,3,10,56.23,64.66,74.36,85.51,98.34,113.09,42.17,25.00,Each,Reman Starter
323-506,5,8,56.23,64.66,74.36,85.51,98.34,113.09,42.17,25.00,Each,Reman Starter
323-507,6,15,56.23,64.66,74.36,85.51,98.34,113.09,42.17,25.00,Each,Reman Starter
323-508,8,9,56.23,64.66,74.36,85.51,98.34,113.09,42.17,25.00,Each,Reman Starter
323-509,1,7,56.23,64.66,74.36,85.51,98.34,113.09,42.17,25.00,Each,Reman Starter
323-510,1,3,56.23,64.66,74.36,85.51,98.34,113.09,42.17,25.00,Each,Reman Starter
323-511,11,13,56.23,64.66,74.36,85.51,98.34,113.09,42.17,25.00,Each,Reman Starter
323-512,10,19,56.23,64.66,74.36,85.51,98.34,113.09,42.17,25.00,Each,Reman Starter
323-513,9,10,56.23,64.66,74.36,85.51,98.34,113.09,42.17,25.00,Each,Reman Starter
323-514,1,9,56.23,64.66,74.36,85.51,98.34,113.09,42.17,25.00,Each,Reman Starter
323-515,3,12,56.23,64.66,74.36,85.51,98.34,113.09,42.17,25.00,Each,Reman Starter
323-516,3,7,56.23,64.66,74.36,85.51,98.34,113.09,42.17,25.00,Each,Reman Starter
323-517,6,16,56.23,64.66,74.36,85.51,98.34,113.09,42.17,25.00,Each,Reman Starter
323-518,4,14,56.23,64.66,74.36,85.51,98.34,113.09,42.17,25.00,Each,Reman Starter
323-519,9,14,56.23,64.66,74.36,85.51,98.34,113.09,42.17,25.00,Each,Reman Starter
323-520,4,14,56.23,64.66,74.36,85.51,98.34,113.09,42.17,25.00,Each,Reman Starter
323-521,5,7,56.23,64.66,74.36,85.51,98.34,113.09,42.17,25.00,Each,Reman Starter
323-522,3,11,56.23,64.66,74.36,85.51,98.34,113.09,42.17,25.00,Each,Reman Starter
323-523,5,7,56.23,64.66,74.36,85.51,98.34,113.09,42.17,25.00,Each,Reman Starter
323-524,11,17,56.23,64.66,74.36,85.51,98.34,113.09,42.17,25.00,Each,Reman Starter
323-525,3,5,56.23,64.66,74.36,85.51,98.34,113.09,42.17,25.00,Each,Reman Starter
323-526,8,18,56.23,64.66,74.36,85.51,98.34,113.09,42.17,25.00,Each,Reman Starter
323-527,9,13,56.23,64.66,74.36,85.51,98.34,113.09,42.17,25.00,Each,Reman Starter
323-528,4,13,56.23,64.66,74.36,85.51,98.34,113.09,42.17,25.00,Each,Reman Starter
323-529,11,11,56.23,64.66,74.36,85.51,98.34,113.09,42.17,25.00,Each,Reman Starter
323-530,3,7,56.23,64.66,74.36,85.51,98.34,113.09,42.17,25.00,Each,Reman Starter
323-531,8,16,56.23,64.66,74.36,85.51,98.34,113.09,42.17,25.00,Each,Reman Starter
323-532,4,9,56.23,64.66,74.36,85.51,98.34,113.09,42.17,25.00,Each,Reman Starter
323-533,5,13,56.23,64.66,74.36,85.51,98.34,113.09,42.17,25.00,Each,Reman Starter
323-534,7,17,56.23,64.66,74.36,85.51,98.34,113.09,42.17,25.00,Each,Reman Starter
323-535,11,21,56.23,64.66,74.36,85.51,98.34,113.09,42.17,25.00,Each,Reman Starter
323-536,4,10,56.23,64.66,74.36,85.51,98.34,113.09,42.17,25.00,Each,Reman Starter
323-537,1,5,56.23,64.66,74.36,85.51,98.34,113.09,42.17,25.00,Each,Reman Starter
323-538,3,13,56.23,64.66,74.36,85.51,98.34,113.09,42.17,25.00,Each,Reman Starter
323-539,10,20,56.23,64.66,74.36,85.51,98.34,113.09,42.17,25.00,Each,Reman Starter
323-540,10,11,56.23,64.66,74.36,85.51,98.34,113.09,42.17,25.00,Each,Reman Starter
323-541,4,7,56.23,64.66,74.36,85.51,98.34,113.09,42.17,25.00,Each,Reman Starter
323-542,1,12,56.23,64.66,74.36,85.51,98.34,113.09,42.17,25.00,Each,Reman Starter
323-543,6,6,56.23,64.66,74.36,85.51,98.34,113.09,42.17,25.00,Each,Reman Starter
323-544,6,12,56.23,64.66,74.36,85.51,98.34,113.09,42.17,25.00,Each,Reman Starter
323-545,7,16,56.23,64.66,74.36,85.51,98.34,113.09,42.17,25.00,Each,Reman Starter
323-546,11,20,56.23,64.66,74.36,85.51,98.34,113.09,42.17,25.00,Each,Reman Starter
323-547,8,8,56.23,64.66,74.36,85.51,98.34,113.09,42.17,25.00,Each,Reman Starter
323-548,4,10,56.23,64.66,74.36,85.51,98.34,113.09,42.17,25.00,Each,Reman Starter
323-549,4,13,56.23,64.66,74.36,85.51,98.34,113.09,42.17,25.00,Each,Reman Starter
323-550,4,8,56.23,64.66,74.36,85.51,98.34,113.09,42.17,25.00,Each,Reman Starter
323-551,5,11,56.23,64.66,74.36,85.51,98.34,113.09,42.17,25.00,Each,Reman Starter
323-552,8,15,56.23,64.66,74.36,85.51,98.34,113.09,42.17,25.00,Each,Reman Starter
323-553,7,18,56.23,64.66,74.36,85.51,98.34,113.09,42.17,25.00,Each,Reman Starter
323-554,6,17,56.23,64.66,74.36,85.51,98.34,113.09,42.17,25.00,Each,Reman Starter
323-555,7,11,56.23,64.66,74.36,85.51,98.34,113.09,42.17,25.00,Each,Reman Starter
323-556,10,10,56.23,64.66,74.36,85.51,98.34,113.09,42.17,25.00,Each,Reman Starter
323-557,1,2,56.23,64.66,74.36,85.51,98.34,113.09,42.17,25.00,Each,Reman Starter
323-558,5,7,56.23,64.66,74.36,85.51,98.34,113.09,42.17,25.00,Each,Reman Starter
323-559,12,17,56.23,64.66,74.36,85.51,98.34,113.09,42.17,25.00,Each,Reman Starter
323-560,7,17,56.23,64.66,74.36,85.51,98.34,113.09,42.17,25.00,Each,Reman Starter
323-561,2,2,56.23,64.66,74.36,85.51,98.34,113.09,42.17,25.00,Each,Reman Starter
323-562,2,3,56.23,64.66,74.36,85.51,98.34,113.09,42.17,25.00,Each,Reman Starter
323-563,11,19,56.23,64.66,74.36,85.51,98.34,113.09,42.17,25.00,Each,Reman Starter
323-564,7,18,56.23,64.66,74.36,85.51,98.34,113.09,42.17,25.00,Each,Reman Starter
323-565,12,12,56.23,64.66,74.36,85.51,98.34,113.09,42.17,25.00,Each,Reman Starter
323-566,6,17,56.23,64.66,74.36,85.51,98.34,113.09,42.17,25.00,Each,Reman Starter
323-567,5,12,56.23,64.66,74.36,85.51,98.34,113.09,42.17,25.00,Each,Reman Starter
323-568,3,8,56.23,64.66,74.36,85.51,98.34,113.09,42.17,25.00,Each,Reman Starter
323-569,10,11,56.23,64.66,74.36,85.51,98.34,113.09,42.17,25.00,Each,Reman Starter
323-570,2,5,56.23,64.66,74.36,85.51,98.34,113.09,42.17,25.00,Each,Reman Starter
323-571,5,16,56.23,64.66,74.36,85.51,98.34,113.09,42.17,25.00,Each,Reman Starter
323-572,11,12,56.23,64.66,74.36,85.51,98.34,113.09,42.17,25.00,Each,Reman Starter
323-573,5,9,56.23,64.66,74.36,85.51,98.34,113.09,42.17,25.00,Each,Reman Starter
323-574,7,11,56.23,64.66,74.36,85.51,98.34,113.09,42.17,25.00,Each,Reman Starter
323-575,4,8,56.23,64.66,74.36,85.51,98.34,113.09,42.17,25.00,Each,Reman Starter
