:Item Number,PriceA,PriceB,PriceC,PriceD,PriceE,PriceF,PriceWD,CorePrice
321-2,76.34,87.79,100.96,116.1,133.52,153.55,57.26,25.00
321-3,76.34,87.79,100.96,116.1,133.52,153.55,57.26,25.00
321-4,76.34,87.79,100.96,116.1,133.52,153.55,57.26,25.00
321-5,76.34,87.79,100.96,116.1,133.52,153.55,57.26,25.00
321-6,76.34,87.79,100.96,116.1,133.52,153.55,57.26,25.00
321-7,76.34,87.79,100.96,116.1,133.52,153.55,57.26,25.00
321-8,76.34,87.79,100.96,116.1,133.52,153.55,57.26,25.00
321-9,76.34,87.79,100.96,116.1,133.52,153.55,57.26,25.00
321-10,76.34,87.79,100.96,116.1,133.52,153.55,57.26,25.00
321-11,76.34,87.79,100.96,116.1,133.52,153.55,57.26,25.00
321-12,76.34,87.79,100.96,116.1,133.52,153.55,57.26,25.00
321-13,76.34,87.79,100.96,116.1,133.52,153.55,57.26,25.00
321-14,76.34,87.79,100.96,116.1,133.52,153.55,57.26,25.00
321-15,76.34,87.79,100.96,116.1,133.52,153.55,57.26,25.00
321-16,76.34,87.79,100.96,116.1,133.52,153.55,57.26,25.00
321-17,76.34,87.79,100.96,116.1,133.52,153.55,57.26,25.00
321-18,76.34,87.79,100.96,116.1,133.52,153.55,57.26,25.00
321-19,76.34,87.79,100.96,116.1,133.52,153.55,57.26,25.00
321-20,76.34,87.79,100.96,116.1,133.52,153.55,57.26,25.00
321-21,76.34,87.79,100.96,116.1,133.52,153.55,57.26,25.00
321-22,76.34,87.79,100.96,116.1,133.52,153.55,57.26,25.00
321-23,76.34,87.79,100.96,116.1,133.52,153.55,57.26,25.00
321-24,76.34,87.79,100.96,116.1,133.52,153.55,57.26,25.00
321-25,76.34,87.79,100.96,116.1,133.52,153.55,57.26,25.00
321-26,76.34,87.79,100.96,116.1,133.52,153.55,57.26,25.00
321-27,76.34,87.79,100.96,116.1,133.52,153.55,57.26,25.00
321-28,76.34,87.79,100.96,116.1,133.52,153.55,57.26,25.00
321-29,76.34,87.79,100.96,116.1,133.52,153.55,57.26,25.00
321-30,76.34,87.79,100.96,116.1,133.52,153.55,57.26,25.00
321-31,76.34,87.79,100.96,116.1,133.52,153.55,57.26,25.00
321-32,76.34,87.79,100.96,116.1,133.52,153.55,57.26,25.00
321-33,76.34,87.79,100.96,116.1,133.52,153.55,57.26,25.00
321-34,76.34,87.79,100.96,116.1,133.52,153.55,57.26,25.00
321-35,76.34,87.79,100.96,116.1,133.52,153.55,57.26,25.00
321-36,76.34,87.79,100.96,116.1,133.52,153.55,57.26,25.00
321-37,76.34,87.79,100.96,116.1,133.52,153.55,57.26,25.00
321-38,76.34,87.79,100.96,116.1,133.52,153.55,57.26,25.00
321-39,76.34,87.79,100.96,116.1,133.52,153.55,57.26,25.00
321-40,76.34,87.79,100.96,116.1,133.52,153.55,57.26,25.00
321-41,76.34,87.79,100.96,116.1,133.52,153.55,57.26,25.00
321-42,76.34,87.79,100.96,116.1,133.52,153.55,57.26,25.00
321-43,76.34,87.79,100.96,116.1,133.52,153.55,57.26,25.00
321-44,76.34,87.79,100.96,116.1,133.52,153.55,57.26,25.00
321-45,76.34,87.79,100.96,116.1,133.52,153.55,57.26,25.00
321-46,76.34,87.79,100.96,116.1,133.52,153.55,57.26,25.00
321-47,76.34,87.79,100.96,116.1,133.52,153.55,57.26,25.00
321-48,76.34,87.79,100.96,116.1,133.52,153.55,57.26,25.00
321-49,76.34,87.79,100.96,116.1,133.52,153.55,57.26,25.00
321-50,76.34,87.79,100.96,116.1,133.52,153.55,57.26,25.00
321-51,76.34,87.79,100.96,116.1,133.52,153.55,57.26,25.00
321-52,76.34,87.79,100.96,116.1,133.52,153.55,57.26,25.00
321-53,76.34,87.79,100.96,116.1,133.52,153.55,57.26,25.00
321-54,76.34,87.79,100.96,116.1,133.52,153.55,57.26,25.00
321-55,76.34,87.79,100.96,116.1,133.52,153.55,57.26,25.00
321-56,76.34,87.79,100.96,116.1,133.52,153.55,57.26,25.00
321-57,76.34,87.79,100.96,116.1,133.52,153.55,57.26,25.00
321-58,76.34,87.79,100.96,116.1,133.52,153.55,57.26,25.00
321-59,76.34,87.79,100.96,116.1,133.52,153.55,57.26,25.00
321-60,76.34,87.79,100.96,116.1,133.52,153.55,57.26,25.00
321-61,76.34,87.79,100.96,116.1,133.52,153.55,57.26,25.00
321-62,76.34,87.79,100.96,116.1,133.52,153.55,57.26,25.00
321-63,76.34,87.79,100.96,116.1,133.52,153.55,57.26,25.00
321-64,76.34,87.79,100.96,116.1,133.52,153.55,57.26,25.00
321-65,76.34,87.79,100.96,116.1,133.52,153.55,57.26,25.00
321-66,76.34,87.79,100.96,116.1,133.52,153.55,57.26,25.00
321-67,76.34,87.79,100.96,116.1,133.52,153.55,57.26,25.00
321-68,76.34,87.79,100.96,116.1,133.52,153.55,57.26,25.00
321-69,76.34,87.79,100.96,116.1,133.52,153.55,57.26,25.00
321-70,76.34,87.79,100.96,116.1,133.52,153.55,57.26,25.00
321-71,76.34,87.79,100.96,116.1,133.52,153.55,57.26,25.00
321-72,76.34,87.79,100.96,116.1,133.52,153.55,57.26,25.00
321-73,76.34,87.79,100.96,116.1,133.52,153.55,57.26,25.00
321-74,76.34,87.79,100.96,116.1,133.52,153.55,57.26,25.00
321-75,76.34,87.79,100.96,116.1,133.52,153.55,57.26,25.00
321-76,76.34,87.79,100.96,116.1,133.52,153.55,57.26,25.00
321-77,76.34,87.79,100.96,116.1,133.52,153.55,57.26,25.00
321-78,76.34,87.79,100.96,116.1,133.52,153.55,57.26,25.00
321-79,76.34,87.79,100.96,116.1,133.52,153.55,57.26,25.00
321-80,76.34,87.79,100.96,116.1,133.52,153.55,57.26,25.00
321-81,76.34,87.79,100.96,116.1,133.52,153.55,57.26,25.00
321-82,76.34,87.79,100.96,116.1,133.52,153.55,57.26,25.00
321-83,76.34,87.79,100.96,116.1,133.52,153.55,57.26,25.00
321-84,76.34,87.79,100.96,116.1,133.52,153.55,57.26,25.00
321-85,76.34,87.79,100.96,116.1,133.52,153.55,57.26,25.00
321-86,76.34,87.79,100.96,116.1,133.52,153.55,57.26,25.00
321-87,76.34,87.79,100.96,116.1,133.52,153.55,57.26,25.00
321-88,76.34,87.79,100.96,116.1,133.52,153.55,57.26,25.00
321-89,76.34,87.79,100.96,116.1,133.52,153.55,57.26,25.00
321-90,76.34,87.79,100.96,116.1,133.52,153.55,57.26,25.00
321-91,76.34,87.79,100.96,116.1,133.52,153.55,57.26,25.00
321-92,76.34,87.79,100.96,116.1,133.52,153.55,57.26,25.00
321-93,76.34,87.79,100.96,116.1,133.52,153.55,57.26,25.00
321-94,76.34,87.79,100.96,116.1,133.52,153.55,57.26,25.00
321-95,76.34,87.79,100.96,116.1,133.52,153.55,57.26,25.00
321-96,76.34,87.79,100.96,116.1,133.52,153.55,57.26,25.00
321-97,76.34,87.79,100.96,116.1,133.52,153.55,57.26,25.00
321-98,76.34,87.79,100.96,116.1,133.52,153.55,57.26,25.00
321-99,76.34,87.79,100.96,116.1,133.52,153.55,57.26,25.00
321-100,76.34,87.79,100.96,116.1,133.52,153.55,57.26,25.00
321-101,76.34,87.79,100.96,116.1,133.52,153.55,57.26,25.00
321-102,76.34,87.79,100.96,116.1,133.52,153.55,57.26,25.00
321-103,76.34,87.79,100.96,116.1,133.52,153.55,57.26,25.00
321-104,76.34,87.79,100.96,116.1,133.52,153.55,57.26,25.00
321-105,76.34,87.79,100.96,116.1,133.52,153.55,57.26,25.00
321-106,76.34,87.79,100.96,116.1,133.52,153.55,57.26,25.00
321-107,76.34,87.79,100.96,116.1,133.52,153.55,57.26,25.00
321-108,76.34,87.79,100.96,116.1,133.52,153.55,57.26,25.00
321-109,76.34,87.79,100.96,116.1,133.52,153.55,57.26,25.00
321-110,76.34,87.79,100.96,116.1,133.52,153.55,57.26,25.00
321-111,76.34,87.79,100.96,116.1,133.52,153.55,57.26,25.00
321-112,76.34,87.79,100.96,116.1,133.52,153.55,57.26,25.00
321-113,76.34,87.79,100.96,116.1,133.52,153.55,57.26,25.00
321-114,76.34,87.79,100.96,116.1,133.52,153.55,57.26,25.00
321-115,76.34,87.79,100.96,116.1,133.52,153.55,57.26,25.00
321-116,76.34,87.79,100.96,116.1,133.52,153.55,57.26,25.00
321-117,76.34,87.79,100.96,116.1,133.52,153.55,57.26,25.00
321-118,76.34,87.79,100.96,116.1,133.52,153.55,57.26,25.00
321-119,76.34,87.79,100.96,116.1,133.52,153.55,57.26,25.00
321-120,76.34,87.79,100.96,116.1,133.52,153.55,57.26,25.00
321-121,76.34,87.79,100.96,116.1,133.52,153.55,57.26,25.00
321-122,76.34,87.79,100.96,116.1,133.52,153.55,57.26,25.00
321-123,76.34,87.79,100.96,116.1,133.52,153.55,57.26,25.00
321-124,76.34,87.79,100.96,116.1,133.52,153.55,57.26,25.00
321-125,76.34,87.79,100.96,116.1,133.52,153.55,57.26,25.00
321-126,76.34,87.79,100.96,116.1,133.52,153.55,57.26,25.00
321-127,76.34,87.79,100.96,116.1,133.52,153.55,57.26,25.00
321-128,76.34,87.79,100.96,116.1,133.52,153.55,57.26,25.00
321-129,76.34,87.79,100.96,116.1,133.52,153.55,57.26,25.00
321-130,76.34,87.79,100.96,116.1,133.52,153.55,57.26,25.00
321-131,76.34,87.79,100.96,116.1,133.52,153.55,57.26,25.00
321-132,76.34,87.79,100.96,116.1,133.52,153.55,57.26,25.00
321-133,76.34,87.79,100.96,116.1,133.52,153.55,57.26,25.00
321-134,76.34,87.79,100.96,116.1,133.52,153.55,57.26,25.00
321-135,76.34,87.79,100.96,116.1,133.52,153.55,57.26,25.00
321-136,76.34,87.79,100.96,116.1,133.52,153.55,57.26,25.00
321-137,76.34,87.79,100.96,116.1,133.52,153.55,57.26,25.00
321-138,76.34,87.79,100.96,116.1,133.52,153.55,57.26,25.00
321-139,76.34,87.79,100.96,116.1,133.52,153.55,57.26,25.00
321-140,76.34,87.79,100.96,116.1,133.52,153.55,57.26,25.00
321-141,76.34,87.79,100.96,116.1,133.52,153.55,57.26,25.00
321-142,76.34,87.79,100.96,116.1,133.52,153.55,57.26,25.00
321-143,76.34,87.79,100.96,116.1,133.52,153.55,57.26,25.00
321-144,76.34,87.79,100.96,116.1,133.52,153.55,57.26,25.00
321-145,76.34,87.79,100.96,116.1,133.52,153.55,57.26,25.00
321-146,76.34,87.79,100.96,116.1,133.52,153.55,57.26,25.00
321-147,76.34,87.79,100.96,116.1,133.52,153.55,57.26,25.00
321-148,76.34,87.79,100.96,116.1,133.52,153.55,57.26,25.00
321-149,76.34,87.79,100.96,116.1,133.52,153.55,57.26,25.00
321-150,76.34,87.79,100.96,116.1,133.52,153.55,57.26,25.00
321-151,76.34,87.79,100.96,116.1,133.52,153.55,57.26,25.00
321-152,76.34,87.79,100.96,116.1,133.52,153.55,57.26,25.00
321-153,76.34,87.79,100.96,116.1,133.52,153.55,57.26,25.00
321-154,76.34,87.79,100.96,116.1,133.52,153.55,57.26,25.00
321-155,76.34,87.79,100.96,116.1,133.52,153.55,57.26,25.00
321-156,76.34,87.79,100.96,116.1,133.52,153.55,57.26,25.00
321-157,76.34,87.79,100.96,116.1,133.52,153.55,57.26,25.00
321-158,76.34,87.79,100.96,116.1,133.52,153.55,57.26,25.00
321-159,76.34,87.79,100.96,116.1,133.52,153.55,57.26,25.00
321-160,76.34,87.79,100.96,116.1,133.52,153.55,57.26,25.00
321-161,76.34,87.79,100.96,116.1,133.52,153.55,57.26,25.00
321-162,76.34,87.79,100.96,116.1,133.52,153.55,57.26,25.00
321-163,76.34,87.79,100.96,116.1,133.52,153.55,57.26,25.00
321-164,76.34,87.79,100.96,116.1,133.52,153.55,57.26,25.00
321-165,76.34,87.79,100.96,116.1,133.52,153.55,57.26,25.00
321-166,76.34,87.79,100.96,116.1,133.52,153.55,57.26,25.00
321-167,76.34,87.79,100.96,116.1,133.52,153.55,57.26,25.00
321-168,76.34,87.79,100.96,116.1,133.52,153.55,57.26,25.00
321-169,76.34,87.79,100.96,116.1,133.52,153.55,57.26,25.00
321-170,76.34,87.79,100.96,116.1,133.52,153.55,57.26,25.00
321-171,76.34,87.79,100.96,116.1,133.52,153.55,57.26,25.00
321-172,76.34,87.79,100.96,116.1,133.52,153.55,57.26,25.00
321-173,76.34,87.79,100.96,116.1,133.52,153.55,57.26,25.00
321-174,76.34,87.79,100.96,116.1,133.52,153.55,57.26,25.00
321-175,76.34,87.79,100.96,116.1,133.52,153.55,57.26,25.00
321-176,76.34,87.79,100.96,116.1,133.52,153.55,57.26,25.00
321-177,76.34,87.79,100.96,116.1,133.52,153.55,57.26,25.00
321-178,76.34,87.79,100.96,116.1,133.52,153.55,57.26,25.00
321-179,76.34,87.79,100.96,116.1,133.52,153.55,57.26,25.00
321-180,76.34,87.79,100.96,116.1,133.52,153.55,57.26,25.00
321-181,76.34,87.79,100.96,116.1,133.52,153.55,57.26,25.00
321-182,76.34,87.79,100.96,116.1,133.52,153.55,57.26,25.00
321-183,76.34,87.79,100.96,116.1,133.52,153.55,57.26,25.00
321-184,76.34,87.79,100.96,116.1,133.52,153.55,57.26,25.00
321-185,76.34,87.79,100.96,116.1,133.52,153.55,57.26,25.00
321-186,76.34,87.79,100.96,116.1,133.52,153.55,57.26,25.00
321-187,76.34,87.79,100.96,116.1,133.52,153.55,57.26,25.00
321-188,76.34,87.79,100.96,116.1,133.52,153.55,57.26,25.00
321-189,76.34,87.79,100.96,116.1,133.52,153.55,57.26,25.00
321-190,76.34,87.79,100.96,116.1,133.52,153.55,57.26,25.00
321-191,76.34,87.79,100.96,116.1,133.52,153.55,57.26,25.00
321-192,76.34,87.79,100.96,116.1,133.52,153.55,57.26,25.00
321-193,76.34,87.79,100.96,116.1,133.52,153.55,57.26,25.00
321-194,76.34,87.79,100.96,116.1,133.52,153.55,57.26,25.00
321-195,76.34,87.79,100.96,116.1,133.52,153.55,57.26,25.00
321-196,76.34,87.79,100.96,116.1,133.52,153.55,57.26,25.00
321-197,76.34,87.79,100.96,116.1,133.52,153.55,57.26,25.00
321-198,76.34,87.79,100.96,116.1,133.52,153.55,57.26,25.00
321-199,76.34,87.79,100.96,116.1,133.52,153.55,57.26,25.00
321-200,76.34,87.79,100.96,116.1,133.52,153.55,57.26,25.00
321-201,76.34,87.79,100.96,116.1,133.52,153.55,57.26,25.00
321-202,76.34,87.79,100.96,116.1,133.52,153.55,57.26,25.00
321-203,76.34,87.79,100.96,116.1,133.52,153.55,57.26,25.00
321-204,76.34,87.79,100.96,116.1,133.52,153.55,57.26,25.00
321-205,76.34,87.79,100.96,116.1,133.52,153.55,57.26,25.00
321-206,76.34,87.79,100.96,116.1,133.52,153.55,57.26,25.00
321-207,76.34,87.79,100.96,116.1,133.52,153.55,57.26,25.00
321-208,76.34,87.79,100.96,116.1,133.52,153.55,57.26,25.00
321-209,76.34,87.79,100.96,116.1,133.52,153.55,57.26,25.00
321-210,76.34,87.79,100.96,116.1,133.52,153.55,57.26,25.00
321-211,76.34,87.79,100.96,116.1,133.52,153.55,57.26,25.00
321-212,76.34,87.79,100.96,116.1,133.52,153.55,57.26,25.00
321-213,76.34,87.79,100.96,116.1,133.52,153.55,57.26,25.00
321-214,76.34,87.79,100.96,116.1,133.52,153.55,57.26,25.00
321-215,76.34,87.79,100.96,116.1,133.52,153.55,57.26,25.00
321-216,76.34,87.79,100.96,116.1,133.52,153.55,57.26,25.00
321-217,76.34,87.79,100.96,116.1,133.52,153.55,57.26,25.00
321-218,76.34,87.79,100.96,116.1,133.52,153.55,57.26,25.00
321-219,76.34,87.79,100.96,116.1,133.52,153.55,57.26,25.00
321-220,76.34,87.79,100.96,116.1,133.52,153.55,57.26,25.00
321-221,76.34,87.79,100.96,116.1,133.52,153.55,57.26,25.00
321-222,76.34,87.79,100.96,116.1,133.52,153.55,57.26,25.00
321-223,76.34,87.79,100.96,116.1,133.52,153.55,57.26,25.00
321-224,76.34,87.79,100.96,116.1,133.52,153.55,57.26,25.00
321-225,76.34,87.79,100.96,116.1,133.52,153.55,57.26,25.00
321-226,76.34,87.79,100.96,116.1,133.52,153.55,57.26,25.00
321-227,76.34,87.79,100.96,116.1,133.52,153.55,57.26,25.00
321-228,76.34,87.79,100.96,116.1,133.52,153.55,57.26,25.00
321-229,76.34,87.79,100.96,116.1,133.52,153.55,57.26,25.00
321-230,76.34,87.79,100.96,116.1,133.52,153.55,57.26,25.00
321-231,76.34,87.79,100.96,116.1,133.52,153.55,57.26,25.00
321-232,76.34,87.79,100.96,116.1,133.52,153.55,57.26,25.00
321-233,76.34,87.79,100.96,116.1,133.52,153.55,57.26,25.00
321-234,76.34,87.79,100.96,116.1,133.52,153.55,57.26,25.00
321-235,76.34,87.79,100.96,116.1,133.52,153.55,57.26,25.00
321-236,76.34,87.79,100.96,116.1,133.52,153.55,57.26,25.00
321-237,76.34,87.79,100.96,116.1,133.52,153.55,57.26,25.00
321-238,76.34,87.79,100.96,116.1,133.52,153.55,57.26,25.00
321-239,76.34,87.79,100.96,116.1,133.52,153.55,57.26,25.00
321-240,76.34,87.79,100.96,116.1,133.52,153.55,57.26,25.00
321-241,76.34,87.79,100.96,116.1,133.52,153.55,57.26,25.00
321-242,76.34,87.79,100.96,116.1,133.52,153.55,57.26,25.00
321-243,76.34,87.79,100.96,116.1,133.52,153.55,57.26,25.00
321-244,76.34,87.79,100.96,116.1,133.52,153.55,57.26,25.00
321-245,76.34,87.79,100.96,116.1,133.52,153.55,57.26,25.00
321-246,76.34,87.79,100.96,116.1,133.52,153.55,57.26,25.00
321-247,76.34,87.79,100.96,116.1,133.52,153.55,57.26,25.00
321-248,76.34,87.79,100.96,116.1,133.52,153.55,57.26,25.00
321-249,76.34,87.79,100.96,116.1,133.52,153.55,57.26,25.00
321-250,76.34,87.79,100.96,116.1,133.52,153.55,57.26,25.00
321-251,76.34,87.79,100.96,116.1,133.52,153.55,57.26,25.00
321-252,76.34,87.79,100.96,116.1,133.52,153.55,57.26,25.00
321-253,76.34,87.79,100.96,116.1,133.52,153.55,57.26,25.00
321-254,76.34,87.79,100.96,116.1,133.52,153.55,57.26,25.00
321-255,76.34,87.79,100.96,116.1,133.52,153.55,57.26,25.00
321-256,76.34,87.79,100.96,116.1,133.52,153.55,57.26,25.00
321-257,76.34,87.79,100.96,116.1,133.52,153.55,57.26,25.00
321-258,76.34,87.79,100.96,116.1,133.52,153.55,57.26,25.00
321-259,76.34,87.79,100.96,116.1,133.52,153.55,57.26,25.00
321-260,76.34,87.79,100.96,116.1,133.52,153.55,57.26,25.00
321-261,76.34,87.79,100.96,116.1,133.52,153.55,57.26,25.00
321-262,76.34,87.79,100.96,116.1,133.52,153.55,57.26,25.00
321-263,76.34,87.79,100.96,116.1,133.52,153.55,57.26,25.00
321-264,76.34,87.79,100.96,116.1,133.52,153.55,57.26,25.00
321-265,76.34,87.79,100.96,116.1,133.52,153.55,57.26,25.00
321-266,76.34,87.79,100.96,116.1,133.52,153.55,57.26,25.00
321-267,76.34,87.79,100.96,116.1,133.52,153.55,57.26,25.00
321-268,76.34,87.79,100.96,116.1,133.52,153.55,57.26,25.00
321-269,76.34,87.79,100.96,116.1,133.52,153.55,57.26,25.00
321-270,76.34,87.79,100.96,116.1,133.52,153.55,57.26,25.00
321-271,76.34,87.79,100.96,116.1,133.52,153.55,57.26,25.00
321-272,76.34,87.79,100.96,116.1,133.52,153.55,57.26,25.00
321-273,76.34,87.79,100.96,116.1,133.52,153.55,57.26,25.00
321-274,76.34,87.79,100.96,116.1,133.52,153.55,57.26,25.00
321-275,76.34,87.79,100.96,116.1,133.52,153.55,57.26,25.00
321-276,76.34,87.79,100.96,116.1,133.52,153.55,57.26,25.00
321-277,76.34,87.79,100.96,116.1,133.52,153.55,57.26,25.00
321-278,76.34,87.79,100.96,116.1,133.52,153.55,57.26,25.00
321-279,76.34,87.79,100.96,116.1,133.52,153.55,57.26,25.00
321-280,76.34,87.79,100.96,116.1,133.52,153.55,57.26,25.00
321-281,76.34,87.79,100.96,116.1,133.52,153.55,57.26,25.00
321-282,76.34,87.79,100.96,116.1,133.52,153.55,57.26,25.00
321-283,76.34,87.79,100.96,116.1,133.52,153.55,57.26,25.00
321-284,76.34,87.79,100.96,116.1,133.52,153.55,57.26,25.00
321-285,76.34,87.79,100.96,116.1,133.52,153.55,57.26,25.00
321-286,76.34,87.79,100.96,116.1,133.52,153.55,57.26,25.00
321-287,76.34,87.79,100.96,116.1,133.52,153.55,57.26,25.00
321-288,76.34,87.79,100.96,116.1,133.52,153.55,57.26,25.00
321-289,76.34,87.79,100.96,116.1,133.52,153.55,57.26,25.00
321-290,76.34,87.79,100.96,116.1,133.52,153.55,57.26,25.00
321-291,76.34,87.79,100.96,116.1,133.52,153.55,57.26,25.00
321-292,76.34,87.79,100.96,116.1,133.52,153.55,57.26,25.00
321-293,76.34,87.79,100.96,116.1,133.52,153.55,57.26,25.00
321-294,76.34,87.79,100.96,116.1,133.52,153.55,57.26,25.00
321-295,76.34,87.79,100.96,116.1,133.52,153.55,57.26,25.00
321-296,76.34,87.79,100.96,116.1,133.52,153.55,57.26,25.00
321-297,76.34,87.79,100.96,116.1,133.52,153.55,57.26,25.00
321-298,76.34,87.79,100.96,116.1,133.52,153.55,57.26,25.00
321-299,76.34,87.79,100.96,116.1,133.52,153.55,57.26,25.00
321-300,76.34,87.79,100.96,116.1,133.52,153.55,57.26,25.00
321-301,76.34,87.79,100.96,116.1,133.52,153.55,57.26,25.00
321-302,76.34,87.79,100.96,116.1,133.52,153.55,57.26,25.00
321-303,76.34,87.79,100.96,116.1,133.52,153.55,57.26,25.00
321-304,76.34,87.79,100.96,116.1,133.52,153.55,57.26,25.00
321-305,76.34,87.79,100.96,116.1,133.52,153.55,57.26,25.00
321-306,76.34,87.79,100.96,116.1,133.52,153.55,57.26,25.00
321-307,76.34,87.79,100.96,116.1,133.52,153.55,57.26,25.00
321-308,76.34,87.79,100.96,116.1,133.52,153.55,57.26,25.00
321-309,76.34,87.79,100.96,116.1,133.52,153.55,57.26,25.00
321-310,76.34,87.79,100.96,116.1,133.52,153.55,57.26,25.00
321-311,76.34,87.79,100.96,116.1,133.52,153.55,57.26,25.00
321-312,76.34,87.79,100.96,116.1,133.52,153.55,57.26,25.00
321-313,76.34,87.79,100.96,116.1,133.52,153.55,57.26,25.00
321-314,76.34,87.79,100.96,116.1,133.52,153.55,57.26,25.00
321-315,76.34,87.79,100.96,116.1,133.52,153.55,57.26,25.00
321-316,76.34,87.79,100.96,116.1,133.52,153.55,57.26,25.00
321-317,76.34,87.79,100.96,116.1,133.52,153.55,57.26,25.00
321-318,76.34,87.79,100.96,116.1,133.52,153.55,57.26,25.00
321-319,76.34,87.79,100.96,116.1,133.52,153.55,57.26,25.00
321-320,76.34,87.79,100.96,116.1,133.52,153.55,57.26,25.00
321-321,76.34,87.79,100.96,116.1,133.52,153.55,57.26,25.00
321-322,76.34,87.79,100.96,116.1,133.52,153.55,57.26,25.00
321-323,76.34,87.79,100.96,116.1,133.52,153.55,57.26,25.00
321-324,76.34,87.79,100.96,116.1,133.52,153.55,57.26,25.00
321-325,76.34,87.79,100.96,116.1,133.52,153.55,57.26,25.00
321-326,76.34,87.79,100.96,116.1,133.52,153.55,57.26,25.00
321-327,76.34,87.79,100.96,116.1,133.52,153.55,57.26,25.00
321-328,76.34,87.79,100.96,116.1,133.52,153.55,57.26,25.00
321-329,76.34,87.79,100.96,116.1,133.52,153.55,57.26,25.00
321-330,76.34,87.79,100.96,116.1,133.52,153.55,57.26,25.00
321-331,76.34,87.79,100.96,116.1,133.52,153.55,57.26,25.00
321-332,76.34,87.79,100.96,116.1,133.52,153.55,57.26,25.00
321-333,76.34,87.79,100.96,116.1,133.52,153.55,57.26,25.00
321-334,76.34,87.79,100.96,116.1,133.52,153.55,57.26,25.00
321-335,76.34,87.79,100.96,116.1,133.52,153.55,57.26,25.00
321-336,76.34,87.79,100.96,116.1,133.52,153.55,57.26,25.00
321-337,76.34,87.79,100.96,116.1,133.52,153.55,57.26,25.00
321-338,76.34,87.79,100.96,116.1,133.52,153.55,57.26,25.00
321-339,76.34,87.79,100.96,116.1,133.52,153.55,57.26,25.00
321-340,76.34,87.79,100.96,116.1,133.52,153.55,57.26,25.00
321-341,76.34,87.79,100.96,116.1,133.52,153.55,57.26,25.00
321-342,76.34,87.79,100.96,116.1,133.52,153.55,57.26,25.00
321-343,76.34,87.79,100.96,116.1,133.52,153.55,57.26,25.00
321-344,76.34,87.79,100.96,116.1,133.52,153.55,57.26,25.00
321-345,76.34,87.79,100.96,116.1,133.52,153.55,57.26,25.00
321-346,76.34,87.79,100.96,116.1,133.52,153.55,57.26,25.00
321-347,76.34,87.79,100.96,116.1,133.52,153.55,57.26,25.00
321-348,76.34,87.79,100.96,116.1,133.52,153.55,57.26,25.00
321-349,76.34,87.79,100.96,116.1,133.52,153.55,57.26,25.00
321-350,76.34,87.79,100.96,116.1,133.52,153.55,57.26,25.00
321-351,76.34,87.79,100.96,116.1,133.52,153.55,57.26,25.00
321-352,76.34,87.79,100.96,116.1,133.52,153.55,57.26,25.00
321-353,76.34,87.79,100.96,116.1,133.52,153.55,57.26,25.00
321-354,76.34,87.79,100.96,116.1,133.52,153.55,57.26,25.00
321-355,76.34,87.79,100.96,116.1,133.52,153.55,57.26,25.00
321-356,76.34,87.79,100.96,116.1,133.52,153.55,57.26,25.00
321-357,76.34,87.79,100.96,116.1,133.52,153.55,57.26,25.00
321-358,76.34,87.79,100.96,116.1,133.52,153.55,57.26,25.00
321-359,76.34,87.79,100.96,116.1,133.52,153.55,57.26,25.00
321-360,76.34,87.79,100.96,116.1,133.52,153.55,57.26,25.00
321-361,76.34,87.79,100.96,116.1,133.52,153.55,57.26,25.00
321-362,76.34,87.79,100.96,116.1,133.52,153.55,57.26,25.00
321-363,76.34,87.79,100.96,116.1,133.52,153.55,57.26,25.00
321-364,76.34,87.79,100.96,116.1,133.52,153.55,57.26,25.00
321-365,76.34,87.79,100.96,116.1,133.52,153.55,57.26,25.00
321-366,76.34,87.79,100.96,116.1,133.52,153.55,57.26,25.00
321-367,76.34,87.79,100.96,116.1,133.52,153.55,57.26,25.00
321-368,76.34,87.79,100.96,116.1,133.52,153.55,57.26,25.00
321-369,76.34,87.79,100.96,116.1,133.52,153.55,57.26,25.00
321-370,76.34,87.79,100.96,116.1,133.52,153.55,57.26,25.00
321-371,76.34,87.79,100.96,116.1,133.52,153.55,57.26,25.00
321-372,76.34,87.79,100.96,116.1,133.52,153.55,57.26,25.00
321-373,76.34,87.79,100.96,116.1,133.52,153.55,57.26,25.00
321-374,76.34,87.79,100.96,116.1,133.52,153.55,57.26,25.00
321-375,76.34,87.79,100.96,116.1,133.52,153.55,57.26,25.00
321-376,76.34,87.79,100.96,116.1,133.52,153.55,57.26,25.00
323-377,76.34,87.79,100.96,116.1,133.52,153.55,57.26,25.00
323-378,76.34,87.79,100.96,116.1,133.52,153.55,57.26,25.00
323-379,76.34,87.79,100.96,116.1,133.52,153.55,57.26,25.00
323-380,76.34,87.79,100.96,116.1,133.52,153.55,57.26,25.00
323-381,76.34,87.79,100.96,116.1,133.52,153.55,57.26,25.00
323-382,76.34,87.79,100.96,116.1,133.52,153.55,57.26,25.00
323-383,76.34,87.79,100.96,116.1,133.52,153.55,57.26,25.00
323-384,76.34,87.79,100.96,116.1,133.52,153.55,57.26,25.00
323-385,76.34,87.79,100.96,116.1,133.52,153.55,57.26,25.00
323-386,76.34,87.79,100.96,116.1,133.52,153.55,57.26,25.00
323-387,76.34,87.79,100.96,116.1,133.52,153.55,57.26,25.00
323-388,76.34,87.79,100.96,116.1,133.52,153.55,57.26,25.00
323-389,76.34,87.79,100.96,116.1,133.52,153.55,57.26,25.00
323-390,76.34,87.79,100.96,116.1,133.52,153.55,57.26,25.00
323-391,76.34,87.79,100.96,116.1,133.52,153.55,57.26,25.00
323-392,76.34,87.79,100.96,116.1,133.52,153.55,57.26,25.00
323-393,76.34,87.79,100.96,116.1,133.52,153.55,57.26,25.00
323-394,76.34,87.79,100.96,116.1,133.52,153.55,57.26,25.00
323-395,76.34,87.79,100.96,116.1,133.52,153.55,57.26,25.00
323-396,76.34,87.79,100.96,116.1,133.52,153.55,57.26,25.00
323-397,76.34,87.79,100.96,116.1,133.52,153.55,57.26,25.00
323-398,76.34,87.79,100.96,116.1,133.52,153.55,57.26,25.00
323-399,76.34,87.79,100.96,116.1,133.52,153.55,57.26,25.00
323-400,76.34,87.79,100.96,116.1,133.52,153.55,57.26,25.00
323-401,76.34,87.79,100.96,116.1,133.52,153.55,57.26,25.00
323-402,76.34,87.79,100.96,116.1,133.52,153.55,57.26,25.00
323-403,76.34,87.79,100.96,116.1,133.52,153.55,57.26,25.00
323-404,76.34,87.79,100.96,116.1,133.52,153.55,57.26,25.00
323-405,76.34,87.79,100.96,116.1,133.52,153.55,57.26,25.00
323-406,76.34,87.79,100.96,116.1,133.52,153.55,57.26,25.00
323-407,76.34,87.79,100.96,116.1,133.52,153.55,57.26,25.00
323-408,76.34,87.79,100.96,116.1,133.52,153.55,57.26,25.00
323-409,76.34,87.79,100.96,116.1,133.52,153.55,57.26,25.00
323-410,76.34,87.79,100.96,116.1,133.52,153.55,57.26,25.00
323-411,76.34,87.79,100.96,116.1,133.52,153.55,57.26,25.00
323-412,76.34,87.79,100.96,116.1,133.52,153.55,57.26,25.00
323-413,76.34,87.79,100.96,116.1,133.52,153.55,57.26,25.00
323-414,76.34,87.79,100.96,116.1,133.52,153.55,57.26,25.00
323-415,76.34,87.79,100.96,116.1,133.52,153.55,57.26,25.00
323-416,76.34,87.79,100.96,116.1,133.52,153.55,57.26,25.00
323-417,76.34,87.79,100.96,116.1,133.52,153.55,57.26,25.00
323-418,76.34,87.79,100.96,116.1,133.52,153.55,57.26,25.00
323-419,76.34,87.79,100.96,116.1,133.52,153.55,57.26,25.00
323-420,76.34,87.79,100.96,116.1,133.52,153.55,57.26,25.00
323-421,76.34,87.79,100.96,116.1,133.52,153.55,57.26,25.00
323-422,76.34,87.79,100.96,116.1,133.52,153.55,57.26,25.00
323-423,76.34,87.79,100.96,116.1,133.52,153.55,57.26,25.00
323-424,76.34,87.79,100.96,116.1,133.52,153.55,57.26,25.00
323-425,76.34,87.79,100.96,116.1,133.52,153.55,57.26,25.00
323-426,76.34,87.79,100.96,116.1,133.52,153.55,57.26,25.00
323-427,76.34,87.79,100.96,116.1,133.52,153.55,57.26,25.00
323-428,76.34,87.79,100.96,116.1,133.52,153.55,57.26,25.00
323-429,76.34,87.79,100.96,116.1,133.52,153.55,57.26,25.00
323-430,76.34,87.79,100.96,116.1,133.52,153.55,57.26,25.00
323-431,76.34,87.79,100.96,116.1,133.52,153.55,57.26,25.00
323-432,76.34,87.79,100.96,116.1,133.52,153.55,57.26,25.00
323-433,76.34,87.79,100.96,116.1,133.52,153.55,57.26,25.00
323-434,76.34,87.79,100.96,116.1,133.52,153.55,57.26,25.00
323-435,76.34,87.79,100.96,116.1,133.52,153.55,57.26,25.00
323-436,76.34,87.79,100.96,116.1,133.52,153.55,57.26,25.00
323-437,76.34,87.79,100.96,116.1,133.52,153.55,57.26,25.00
323-438,76.34,87.79,100.96,116.1,133.52,153.55,57.26,25.00
323-439,76.34,87.79,100.96,116.1,133.52,153.55,57.26,25.00
323-440,76.34,87.79,100.96,116.1,133.52,153.55,57.26,25.00
323-441,76.34,87.79,100.96,116.1,133.52,153.55,57.26,25.00
323-442,76.34,87.79,100.96,116.1,133.52,153.55,57.26,25.00
323-443,76.34,87.79,100.96,116.1,133.52,153.55,57.26,25.00
323-444,76.34,87.79,100.96,116.1,133.52,153.55,57.26,25.00
323-445,76.34,87.79,100.96,116.1,133.52,153.55,57.26,25.00
323-446,76.34,87.79,100.96,116.1,133.52,153.55,57.26,25.00
323-447,76.34,87.79,100.96,116.1,133.52,153.55,57.26,25.00
323-448,76.34,87.79,100.96,116.1,133.52,153.55,57.26,25.00
323-449,76.34,87.79,100.96,116.1,133.52,153.55,57.26,25.00
323-450,76.34,87.79,100.96,116.1,133.52,153.55,57.26,25.00
323-451,76.34,87.79,100.96,116.1,133.52,153.55,57.26,25.00
323-452,76.34,87.79,100.96,116.1,133.52,153.55,57.26,25.00
323-453,76.34,87.79,100.96,116.1,133.52,153.55,57.26,25.00
323-454,76.34,87.79,100.96,116.1,133.52,153.55,57.26,25.00
323-455,76.34,87.79,100.96,116.1,133.52,153.55,57.26,25.00
323-456,76.34,87.79,100.96,116.1,133.52,153.55,57.26,25.00
323-457,76.34,87.79,100.96,116.1,133.52,153.55,57.26,25.00
323-458,76.34,87.79,100.96,116.1,133.52,153.55,57.26,25.00
323-459,76.34,87.79,100.96,116.1,133.52,153.55,57.26,25.00
323-460,76.34,87.79,100.96,116.1,133.52,153.55,57.26,25.00
323-461,76.34,87.79,100.96,116.1,133.52,153.55,57.26,25.00
323-462,76.34,87.79,100.96,116.1,133.52,153.55,57.26,25.00
323-463,76.34,87.79,100.96,116.1,133.52,153.55,57.26,25.00
323-464,76.34,87.79,100.96,116.1,133.52,153.55,57.26,25.00
323-465,76.34,87.79,100.96,116.1,133.52,153.55,57.26,25.00
323-466,76.34,87.79,100.96,116.1,133.52,153.55,57.26,25.00
323-467,76.34,87.79,100.96,116.1,133.52,153.55,57.26,25.00
323-468,76.34,87.79,100.96,116.1,133.52,153.55,57.26,25.00
323-469,76.34,87.79,100.96,116.1,133.52,153.55,57.26,25.00
323-470,76.34,87.79,100.96,116.1,133.52,153.55,57.26,25.00
323-471,76.34,87.79,100.96,116.1,133.52,153.55,57.26,25.00
323-472,76.34,87.79,100.96,116.1,133.52,153.55,57.26,25.00
323-473,76.34,87.79,100.96,116.1,133.52,153.55,57.26,25.00
323-474,76.34,87.79,100.96,116.1,133.52,153.55,57.26,25.00
323-475,76.34,87.79,100.96,116.1,133.52,153.55,57.26,25.00
323-476,76.34,87.79,100.96,116.1,133.52,153.55,57.26,25.00
323-477,76.34,87.79,100.96,116.1,133.52,153.55,57.26,25.00
323-478,76.34,87.79,100.96,116.1,133.52,153.55,57.26,25.00
323-479,76.34,87.79,100.96,116.1,133.52,153.55,57.26,25.00
323-480,76.34,87.79,100.96,116.1,133.52,153.55,57.26,25.00
323-481,76.34,87.79,100.96,116.1,133.52,153.55,57.26,25.00
323-482,76.34,87.79,100.96,116.1,133.52,153.55,57.26,25.00
323-483,76.34,87.79,100.96,116.1,133.52,153.55,57.26,25.00
323-484,76.34,87.79,100.96,116.1,133.52,153.55,57.26,25.00
323-485,76.34,87.79,100.96,116.1,133.52,153.55,57.26,25.00
323-486,76.34,87.79,100.96,116.1,133.52,153.55,57.26,25.00
323-487,76.34,87.79,100.96,116.1,133.52,153.55,57.26,25.00
323-488,76.34,87.79,100.96,116.1,133.52,153.55,57.26,25.00
323-489,76.34,87.79,100.96,116.1,133.52,153.55,57.26,25.00
323-490,76.34,87.79,100.96,116.1,133.52,153.55,57.26,25.00
323-491,76.34,87.79,100.96,116.1,133.52,153.55,57.26,25.00
323-492,76.34,87.79,100.96,116.1,133.52,153.55,57.26,25.00
323-493,76.34,87.79,100.96,116.1,133.52,153.55,57.26,25.00
323-494,76.34,87.79,100.96,116.1,133.52,153.55,57.26,25.00
323-495,76.34,87.79,100.96,116.1,133.52,153.55,57.26,25.00
323-496,76.34,87.79,100.96,116.1,133.52,153.55,57.26,25.00
323-497,76.34,87.79,100.96,116.1,133.52,153.55,57.26,25.00
323-498,76.34,87.79,100.96,116.1,133.52,153.55,57.26,25.00
323-499,76.34,87.79,100.96,116.1,133.52,153.55,57.26,25.00
323-500,76.34,87.79,100.96,116.1,133.52,153.55,57.26,25.00
323-501,76.34,87.79,100.96,116.1,133.52,153.55,57.26,25.00
323-502,76.34,87.79,100.96,116.1,133.52,153.55,57.26,25.00
323-503,76.34,87.79,100.96,116.1,133.52,153.55,57.26,25.00
323-504,76.34,87.79,100.96,116.1,133.52,153.55,57.26,25.00
323-505,76.34,87.79,100.96,116.1,133.52,153.55,57.26,25.00
323-506,76.34,87.79,100.96,116.1,133.52,153.55,57.26,25.00
323-507,76.34,87.79,100.96,116.1,133.52,153.55,57.26,25.00
323-508,76.34,87.79,100.96,116.1,133.52,153.55,57.26,25.00
323-509,76.34,87.79,100.96,116.1,133.52,153.55,57.26,25.00
323-510,76.34,87.79,100.96,116.1,133.52,153.55,57.26,25.00
323-511,76.34,87.79,100.96,116.1,133.52,153.55,57.26,25.00
323-512,76.34,87.79,100.96,116.1,133.52,153.55,57.26,25.00
323-513,76.34,87.79,100.96,116.1,133.52,153.55,57.26,25.00
323-514,76.34,87.79,100.96,116.1,133.52,153.55,57.26,25.00
323-515,76.34,87.79,100.96,116.1,133.52,153.55,57.26,25.00
323-516,76.34,87.79,100.96,116.1,133.52,153.55,57.26,25.00
323-517,76.34,87.79,100.96,116.1,133.52,153.55,57.26,25.00
323-518,76.34,87.79,100.96,116.1,133.52,153.55,57.26,25.00
323-519,76.34,87.79,100.96,116.1,133.52,153.55,57.26,25.00
323-520,76.34,87.79,100.96,116.1,133.52,153.55,57.26,25.00
323-521,76.34,87.79,100.96,116.1,133.52,153.55,57.26,25.00
323-522,76.34,87.79,100.96,116.1,133.52,153.55,57.26,25.00
323-523,76.34,87.79,100.96,116.1,133.52,153.55,57.26,25.00
323-524,76.34,87.79,100.96,116.1,133.52,153.55,57.26,25.00
323-525,76.34,87.79,100.96,116.1,133.52,153.55,57.26,25.00
323-526,76.34,87.79,100.96,116.1,133.52,153.55,57.26,25.00
323-527,76.34,87.79,100.96,116.1,133.52,153.55,57.26,25.00
323-528,76.34,87.79,100.96,116.1,133.52,153.55,57.26,25.00
323-529,76.34,87.79,100.96,116.1,133.52,153.55,57.26,25.00
323-530,76.34,87.79,100.96,116.1,133.52,153.55,57.26,25.00
323-531,76.34,87.79,100.96,116.1,133.52,153.55,57.26,25.00
323-532,76.34,87.79,100.96,116.1,133.52,153.55,57.26,25.00
323-533,76.34,87.79,100.96,116.1,133.52,153.55,57.26,25.00
323-534,76.34,87.79,100.96,116.1,133.52,153.55,57.26,25.00
323-535,76.34,87.79,100.96,116.1,133.52,153.55,57.26,25.00
323-536,76.34,87.79,100.96,116.1,133.52,153.55,57.26,25.00
323-537,76.34,87.79,100.96,116.1,133.52,153.55,57.26,25.00
323-538,76.34,87.79,100.96,116.1,133.52,153.55,57.26,25.00
323-539,76.34,87.79,100.96,116.1,133.52,153.55,57.26,25.00
323-540,76.34,87.79,100.96,116.1,133.52,153.55,57.26,25.00
323-541,76.34,87.79,100.96,116.1,133.52,153.55,57.26,25.00
323-542,76.34,87.79,100.96,116.1,133.52,153.55,57.26,25.00
323-543,76.34,87.79,100.96,116.1,133.52,153.55,57.26,25.00
323-544,76.34,87.79,100.96,116.1,133.52,153.55,57.26,25.00
323-545,76.34,87.79,100.96,116.1,133.52,153.55,57.26,25.00
323-546,76.34,87.79,100.96,116.1,133.52,153.55,57.26,25.00
323-547,76.34,87.79,100.96,116.1,133.52,153.55,57.26,25.00
323-548,76.34,87.79,100.96,116.1,133.52,153.55,57.26,25.00
323-549,76.34,87.79,100.96,116.1,133.52,153.55,57.26,25.00
323-550,76.34,87.79,100.96,116.1,133.52,153.55,57.26,25.00
323-551,76.34,87.79,100.96,116.1,133.52,153.55,57.26,25.00
323-552,76.34,87.79,100.96,116.1,133.52,153.55,57.26,25.00
323-553,76.34,87.79,100.96,116.1,133.52,153.55,57.26,25.00
323-554,76.34,87.79,100.96,116.1,133.52,153.55,57.26,25.00
323-555,76.34,87.79,100.96,116.1,133.52,153.55,57.26,25.00
323-556,76.34,87.79,100.96,116.1,133.52,153.55,57.26,25.00
323-557,76.34,87.79,100.96,116.1,133.52,153.55,57.26,25.00
323-558,76.34,87.79,100.96,116.1,133.52,153.55,57.26,25.00
323-559,76.34,87.79,100.96,116.1,133.52,153.55,57.26,25.00
323-560,76.34,87.79,100.96,116.1,133.52,153.55,57.26,25.00
323-561,76.34,87.79,100.96,116.1,133.52,153.55,57.26,25.00
323-562,76.34,87.79,100.96,116.1,133.52,153.55,57.26,25.00
323-563,76.34,87.79,100.96,116.1,133.52,153.55,57.26,25.00
323-564,76.34,87.79,100.96,116.1,133.52,153.55,57.26,25.00
323-565,76.34,87.79,100.96,116.1,133.52,153.55,57.26,25.00
323-566,76.34,87.79,100.96,116.1,133.52,153.55,57.26,25.00
323-567,76.34,87.79,100.96,116.1,133.52,153.55,57.26,25.00
323-568,76.34,87.79,100.96,116.1,133.52,153.55,57.26,25.00
323-569,76.34,87.79,100.96,116.1,133.52,153.55,57.26,25.00
323-570,76.34,87.79,100.96,116.1,133.52,153.55,57.26,25.00
323-571,76.34,87.79,100.96,116.1,133.52,153.55,57.26,25.00
323-572,76.34,87.79,100.96,116.1,133.52,153.55,57.26,25.00
323-573,76.34,87.79,100.96,116.1,133.52,153.55,57.26,25.00
323-574,76.34,87.79,100.96,116.1,133.52,153.55,57.26,25.00
323-575,76.34,87.79,100.96,116.1,133.52,153.55,57.26,25.00
323-576,76.34,87.79,100.96,116.1,133.52,153.55,57.26,25.00
323-577,76.34,87.79,100.96,116.1,133.52,153.55,57.26,25.00
323-578,76.34,87.79,100.96,116.1,133.52,153.55,57.26,25.00
323-579,76.34,87.79,100.96,116.1,133.52,153.55,57.26,25.00
323-580,76.34,87.79,100.96,116.1,133.52,153.55,57.26,25.00
323-581,76.34,87.79,100.96,116.1,133.52,153.55,57.26,25.00
323-582,76.34,87.79,100.96,116.1,133.52,153.55,57.26,25.00
323-583,76.34,87.79,100.96,116.1,133.52,153.55,57.26,25.00
323-584,76.34,87.79,100.96,116.1,133.52,153.55,57.26,25.00
323-585,76.34,87.79,100.96,116.1,133.52,153.55,57.26,25.00
323-586,76.34,87.79,100.96,116.1,133.52,153.55,57.26,25.00
323-587,76.34,87.79,100.96,116.1,133.52,153.55,57.26,25.00
323-588,76.34,87.79,100.96,116.1,133.52,153.55,57.26,25.00
323-589,76.34,87.79,100.96,116.1,133.52,153.55,57.26,25.00
323-590,76.34,87.79,100.96,116.1,133.52,153.55,57.26,25.00
323-591,76.34,87.79,100.96,116.1,133.52,153.55,57.26,25.00
323-592,76.34,87.79,100.96,116.1,133.52,153.55,57.26,25.00
323-593,76.34,87.79,100.96,116.1,133.52,153.55,57.26,25.00
323-594,76.34,87.79,100.96,116.1,133.52,153.55,57.26,25.00
323-595,76.34,87.79,100.96,116.1,133.52,153.55,57.26,25.00
323-596,76.34,87.79,100.96,116.1,133.52,153.55,57.26,25.00
323-597,76.34,87.79,100.96,116.1,133.52,153.55,57.26,25.00
323-598,76.34,87.79,100.96,116.1,133.52,153.55,57.26,25.00
323-599,76.34,87.79,100.96,116.1,133.52,153.55,57.26,25.00
323-600,76.34,87.79,100.96,116.1,133.52,153.55,57.26,25.00
323-601,76.34,87.79,100.96,116.1,133.52,153.55,57.26,25.00
323-602,76.34,87.79,100.96,116.1,133.52,153.55,57.26,25.00
323-603,76.34,87.79,100.96,116.1,133.52,153.55,57.26,25.00
323-604,76.34,87.79,100.96,116.1,133.52,153.55,57.26,25.00
323-605,76.34,87.79,100.96,116.1,133.52,153.55,57.26,25.00
323-606,76.34,87.79,100.96,116.1,133.52,153.55,57.26,25.00
323-607,76.34,87.79,100.96,116.1,133.52,153.55,57.26,25.00
323-608,76.34,87.79,100.96,116.1,133.52,153.55,57.26,25.00
323-609,76.34,87.79,100.96,116.1,133.52,153.55,57.26,25.00
323-610,76.34,87.79,100.96,116.1,133.52,153.55,57.26,25.00
323-611,76.34,87.79,100.96,116.1,133.52,153.55,57.26,25.00
323-612,76.34,87.79,100.96,116.1,133.52,153.55,57.26,25.00
323-613,76.34,87.79,100.96,116.1,133.52,153.55,57.26,25.00
323-614,76.34,87.79,100.96,116.1,133.52,153.55,57.26,25.00
323-615,76.34,87.79,100.96,116.1,133.52,153.55,57.26,25.00
323-616,76.34,87.79,100.96,116.1,133.52,153.55,57.26,25.00
323-617,76.34,87.79,100.96,116.1,133.52,153.55,57.26,25.00
323-618,76.34,87.79,100.96,116.1,133.52,153.55,57.26,25.00
323-619,76.34,87.79,100.96,116.1,133.52,153.55,57.26,25.00
323-620,76.34,87.79,100.96,116.1,133.52,153.55,57.26,25.00
323-621,76.34,87.79,100.96,116.1,133.52,153.55,57.26,25.00
323-622,76.34,87.79,100.96,116.1,133.52,153.55,57.26,25.00
323-623,76.34,87.79,100.96,116.1,133.52,153.55,57.26,25.00
323-624,76.34,87.79,100.96,116.1,133.52,153.55,57.26,25.00
323-625,76.34,87.79,100.96,116.1,133.52,153.55,57.26,25.00
323-626,76.34,87.79,100.96,116.1,133.52,153.55,57.26,25.00
323-627,76.34,87.79,100.96,116.1,133.52,153.55,57.26,25.00
323-628,76.34,87.79,100.96,116.1,133.52,153.55,57.26,25.00
323-629,76.34,87.79,100.96,116.1,133.52,153.55,57.26,25.00
323-630,76.34,87.79,100.96,116.1,133.52,153.55,57.26,25.00
323-631,76.34,87.79,100.96,116.1,133.52,153.55,57.26,25.00
323-632,76.34,87.79,100.96,116.1,133.52,153.55,57.26,25.00
323-633,76.34,87.79,100.96,116.1,133.52,153.55,57.26,25.00
323-634,76.34,87.79,100.96,116.1,133.52,153.55,57.26,25.00
323-635,76.34,87.79,100.96,116.1,133.52,153.55,57.26,25.00
323-636,76.34,87.79,100.96,116.1,133.52,153.55,57.26,25.00
323-637,76.34,87.79,100.96,116.1,133.52,153.55,57.26,25.00
323-638,76.34,87.79,100.96,116.1,133.52,153.55,57.26,25.00
323-639,76.34,87.79,100.96,116.1,133.52,153.55,57.26,25.00
323-640,76.34,87.79,100.96,116.1,133.52,153.55,57.26,25.00
323-641,76.34,87.79,100.96,116.1,133.52,153.55,57.26,25.00
323-642,76.34,87.79,100.96,116.1,133.52,153.55,57.26,25.00
323-643,76.34,87.79,100.96,116.1,133.52,153.55,57.26,25.00
323-644,76.34,87.79,100.96,116.1,133.52,153.55,57.26,25.00
323-645,76.34,87.79,100.96,116.1,133.52,153.55,57.26,25.00
323-646,76.34,87.79,100.96,116.1,133.52,153.55,57.26,25.00
323-647,76.34,87.79,100.96,116.1,133.52,153.55,57.26,25.00
323-648,76.34,87.79,100.96,116.1,133.52,153.55,57.26,25.00
323-649,76.34,87.79,100.96,116.1,133.52,153.55,57.26,25.00
323-650,76.34,87.79,100.96,116.1,133.52,153.55,57.26,25.00
323-651,76.34,87.79,100.96,116.1,133.52,153.55,57.26,25.00
323-652,76.34,87.79,100.96,116.1,133.52,153.55,57.26,25.00
323-653,76.34,87.79,100.96,116.1,133.52,153.55,57.26,25.00
323-654,76.34,87.79,100.96,116.1,133.52,153.55,57.26,25.00
323-655,76.34,87.79,100.96,116.1,133.52,153.55,57.26,25.00
323-656,76.34,87.79,100.96,116.1,133.52,153.55,57.26,25.00
323-657,76.34,87.79,100.96,116.1,133.52,153.55,57.26,25.00
323-658,76.34,87.79,100.96,116.1,133.52,153.55,57.26,25.00
323-659,76.34,87.79,100.96,116.1,133.52,153.55,57.26,25.00
323-660,76.34,87.79,100.96,116.1,133.52,153.55,57.26,25.00
323-661,76.34,87.79,100.96,116.1,133.52,153.55,57.26,25.00
323-662,76.34,87.79,100.96,116.1,133.52,153.55,57.26,25.00
323-663,76.34,87.79,100.96,116.1,133.52,153.55,57.26,25.00
323-664,76.34,87.79,100.96,116.1,133.52,153.55,57.26,25.00
323-665,76.34,87.79,100.96,116.1,133.52,153.55,57.26,25.00
323-666,76.34,87.79,100.96,116.1,133.52,153.55,57.26,25.00
323-667,76.34,87.79,100.96,116.1,133.52,153.55,57.26,25.00
323-668,76.34,87.79,100.96,116.1,133.52,153.55,57.26,25.00
323-669,76.34,87.79,100.96,116.1,133.52,153.55,57.26,25.00
323-670,76.34,87.79,100.96,116.1,133.52,153.55,57.26,25.00
323-671,76.34,87.79,100.96,116.1,133.52,153.55,57.26,25.00
323-672,76.34,87.79,100.96,116.1,133.52,153.55,57.26,25.00
323-673,76.34,87.79,100.96,116.1,133.52,153.55,57.26,25.00
323-674,76.34,87.79,100.96,116.1,133.52,153.55,57.26,25.00
323-675,76.34,87.79,100.96,116.1,133.52,153.55,57.26,25.00
323-676,76.34,87.79,100.96,116.1,133.52,153.55,57.26,25.00
323-677,76.34,87.79,100.96,116.1,133.52,153.55,57.26,25.00
323-678,76.34,87.79,100.96,116.1,133.52,153.55,57.26,25.00
323-679,76.34,87.79,100.96,116.1,133.52,153.55,57.26,25.00
323-680,76.34,87.79,100.96,116.1,133.52,153.55,57.26,25.00
323-681,76.34,87.79,100.96,116.1,133.52,153.55,57.26,25.00
323-682,76.34,87.79,100.96,116.1,133.52,153.55,57.26,25.00
323-683,76.34,87.79,100.96,116.1,133.52,153.55,57.26,25.00
323-684,76.34,87.79,100.96,116.1,133.52,153.55,57.26,25.00
323-685,76.34,87.79,100.96,116.1,133.52,153.55,57.26,25.00
323-686,76.34,87.79,100.96,116.1,133.52,153.55,57.26,25.00
323-687,76.34,87.79,100.96,116.1,133.52,153.55,57.26,25.00
323-688,76.34,87.79,100.96,116.1,133.52,153.55,57.26,25.00
323-689,76.34,87.79,100.96,116.1,133.52,153.55,57.26,25.00
323-690,76.34,87.79,100.96,116.1,133.52,153.55,57.26,25.00
323-691,76.34,87.79,100.96,116.1,133.52,153.55,57.26,25.00
323-692,76.34,87.79,100.96,116.1,133.52,153.55,57.26,25.00
323-693,76.34,87.79,100.96,116.1,133.52,153.55,57.26,25.00
323-694,76.34,87.79,100.96,116.1,133.52,153.55,57.26,25.00
323-695,76.34,87.79,100.96,116.1,133.52,153.55,57.26,25.00
323-696,76.34,87.79,100.96,116.1,133.52,153.55,57.26,25.00
323-697,76.34,87.79,100.96,116.1,133.52,153.55,57.26,25.00
323-698,76.34,87.79,100.96,116.1,133.52,153.55,57.26,25.00
323-699,76.34,87.79,100.96,116.1,133.52,153.55,57.26,25.00
323-700,76.34,87.79,100.96,116.1,133.52,153.55,57.26,25.00
323-701,76.34,87.79,100.96,116.1,133.52,153.55,57.26,25.00
323-702,76.34,87.79,100.96,116.1,133.52,153.55,57.26,25.00
323-703,76.34,87.79,100.96,116.1,133.52,153.55,57.26,25.00
323-704,76.34,87.79,100.96,116.1,133.52,153.55,57.26,25.00
323-705,76.34,87.79,100.96,116.1,133.52,153.55,57.26,25.00
323-706,76.34,87.79,100.96,116.1,133.52,153.55,57.26,25.00
323-707,76.34,87.79,100.96,116.1,133.52,153.55,57.26,25.00
323-708,76.34,87.79,100.96,116.1,133.52,153.55,57.26,25.00
323-709,76.34,87.79,100.96,116.1,133.52,153.55,57.26,25.00
323-710,76.34,87.79,100.96,116.1,133.52,153.55,57.26,25.00
323-711,76.34,87.79,100.96,116.1,133.52,153.55,57.26,25.00
323-712,76.34,87.79,100.96,116.1,133.52,153.55,57.26,25.00
323-713,76.34,87.79,100.96,116.1,133.52,153.55,57.26,25.00
323-714,76.34,87.79,100.96,116.1,133.52,153.55,57.26,25.00
323-715,76.34,87.79,100.96,116.1,133.52,153.55,57.26,25.00
323-716,76.34,87.79,100.96,116.1,133.52,153.55,57.26,25.00
323-717,76.34,87.79,100.96,116.1,133.52,153.55,57.26,25.00
323-718,76.34,87.79,100.96,116.1,133.52,153.55,57.26,25.00
323-719,76.34,87.79,100.96,116.1,133.52,153.55,57.26,25.00
323-720,76.34,87.79,100.96,116.1,133.52,153.55,57.26,25.00
323-721,76.34,87.79,100.96,116.1,133.52,153.55,57.26,25.00
323-722,76.34,87.79,100.96,116.1,133.52,153.55,57.26,25.00
323-723,76.34,87.79,100.96,116.1,133.52,153.55,57.26,25.00
323-724,76.34,87.79,100.96,116.1,133.52,153.55,57.26,25.00
323-725,76.34,87.79,100.96,116.1,133.52,153.55,57.26,25.00
323-726,76.34,87.79,100.96,116.1,133.52,153.55,57.26,25.00
323-727,76.34,87.79,100.96,116.1,133.52,153.55,57.26,25.00
323-728,76.34,87.79,100.96,116.1,133.52,153.55,57.26,25.00
323-729,76.34,87.79,100.96,116.1,133.52,153.55,57.26,25.00
323-730,76.34,87.79,100.96,116.1,133.52,153.55,57.26,25.00
323-731,76.34,87.79,100.96,116.1,133.52,153.55,57.26,25.00
323-732,76.34,87.79,100.96,116.1,133.52,153.55,57.26,25.00
323-733,76.34,87.79,100.96,116.1,133.52,153.55,57.26,25.00
323-734,76.34,87.79,100.96,116.1,133.52,153.55,57.26,25.00
323-735,76.34,87.79,100.96,116.1,133.52,153.55,57.26,25.00
323-736,76.34,87.79,100.96,116.1,133.52,153.55,57.26,25.00
323-737,76.34,87.79,100.96,116.1,133.52,153.55,57.26,25.00
323-738,76.34,87.79,100.96,116.1,133.52,153.55,57.26,25.00
323-739,76.34,87.79,100.96,116.1,133.52,153.55,57.26,25.00
323-740,76.34,87.79,100.96,116.1,133.52,153.55,57.26,25.00
323-741,76.34,87.79,100.96,116.1,133.52,153.55,57.26,25.00
323-742,76.34,87.79,100.96,116.1,133.52,153.55,57.26,25.00
323-743,76.34,87.79,100.96,116.1,133.52,153.55,57.26,25.00
323-744,76.34,87.79,100.96,116.1,133.52,153.55,57.26,25.00
323-745,76.34,87.79,100.96,116.1,133.52,153.55,57.26,25.00
323-746,76.34,87.79,100.96,116.1,133.52,153.55,57.26,25.00
323-747,76.34,87.79,100.96,116.1,133.52,153.55,57.26,25.00
323-748,76.34,87.79,100.96,116.1,133.52,153.55,57.26,25.00
323-749,76.34,87.79,100.96,116.1,133.52,153.55,57.26,25.00
323-750,76.34,87.79,100.96,116.1,133.52,153.55,57.26,25.00
323-751,76.34,87.79,100.96,116.1,133.52,153.55,57.26,25.00
323-752,76.34,87.79,100.96,116.1,133.52,153.55,57.26,25.00
323-753,76.34,87.79,100.96,116.1,133.52,153.55,57.26,25.00
323-754,76.34,87.79,100.96,116.1,133.52,153.55,57.26,25.00
323-755,76.34,87.79,100.96,116.1,133.52,153.55,57.26,25.00
323-756,76.34,87.79,100.96,116.1,133.52,153.55,57.26,25.00
323-757,76.34,87.79,100.96,116.1,133.52,153.55,57.26,25.00
323-758,76.34,87.79,100.96,116.1,133.52,153.55,57.26,25.00
323-759,76.34,87.79,100.96,116.1,133.52,153.55,57.26,25.00
323-760,76.34,87.79,100.96,116.1,133.52,153.55,57.26,25.00
323-761,76.34,87.79,100.96,116.1,133.52,153.55,57.26,25.00
323-762,76.34,87.79,100.96,116.1,133.52,153.55,57.26,25.00
323-763,76.34,87.79,100.96,116.1,133.52,153.55,57.26,25.00
323-764,76.34,87.79,100.96,116.1,133.52,153.55,57.26,25.00
323-765,76.34,87.79,100.96,116.1,133.52,153.55,57.26,25.00
323-766,76.34,87.79,100.96,116.1,133.52,153.55,57.26,25.00
323-767,76.34,87.79,100.96,116.1,133.52,153.55,57.26,25.00
323-768,76.34,87.79,100.96,116.1,133.52,153.55,57.26,25.00
323-769,76.34,87.79,100.96,116.1,133.52,153.55,57.26,25.00
323-770,76.34,87.79,100.96,116.1,133.52,153.55,57.26,25.00
323-771,76.34,87.79,100.96,116.1,133.52,153.55,57.26,25.00
323-772,76.34,87.79,100.96,116.1,133.52,153.55,57.26,25.00
323-773,76.34,87.79,100.96,116.1,133.52,153.55,57.26,25.00
323-774,76.34,87.79,100.96,116.1,133.52,153.55,57.26,25.00
323-775,76.34,87.79,100.96,116.1,133.52,153.55,57.26,25.00
323-776,76.34,87.79,100.96,116.1,133.52,153.55,57.26,25.00
323-777,76.34,87.79,100.96,116.1,133.52,153.55,57.26,25.00
323-778,76.34,87.79,100.96,116.1,133.52,153.55,57.26,25.00
323-779,76.34,87.79,100.96,116.1,133.52,153.55,57.26,25.00
323-780,76.34,87.79,100.96,116.1,133.52,153.55,57.26,25.00
323-781,76.34,87.79,100.96,116.1,133.52,153.55,57.26,25.00
323-782,76.34,87.79,100.96,116.1,133.52,153.55,57.26,25.00
323-783,76.34,87.79,100.96,116.1,133.52,153.55,57.26,25.00
323-784,76.34,87.79,100.96,116.1,133.52,153.55,57.26,25.00
323-785,76.34,87.79,100.96,116.1,133.52,153.55,57.26,25.00
323-786,76.34,87.79,100.96,116.1,133.52,153.55,57.26,25.00
323-787,76.34,87.79,100.96,116.1,133.52,153.55,57.26,25.00
323-788,76.34,87.79,100.96,116.1,133.52,153.55,57.26,25.00
323-789,76.34,87.79,100.96,116.1,133.52,153.55,57.26,25.00
323-790,76.34,87.79,100.96,116.1,133.52,153.55,57.26,25.00
323-791,76.34,87.79,100.96,116.1,133.52,153.55,57.26,25.00
323-792,76.34,87.79,100.96,116.1,133.52,153.55,57.26,25.00
323-793,76.34,87.79,100.96,116.1,133.52,153.55,57.26,25.00
323-794,76.34,87.79,100.96,116.1,133.52,153.55,57.26,25.00
323-795,76.34,87.79,100.96,116.1,133.52,153.55,57.26,25.00
323-796,76.34,87.79,100.96,116.1,133.52,153.55,57.26,25.00
323-797,76.34,87.79,100.96,116.1,133.52,153.55,57.26,25.00
323-798,76.34,87.79,100.96,116.1,133.52,153.55,57.26,25.00
323-799,76.34,87.79,100.96,116.1,133.52,153.55,57.26,25.00
323-800,76.34,87.79,100.96,116.1,133.52,153.55,57.26,25.00
323-801,76.34,87.79,100.96,116.1,133.52,153.55,57.26,25.00
323-802,76.34,87.79,100.96,116.1,133.52,153.55,57.26,25.00
323-803,76.34,87.79,100.96,116.1,133.52,153.55,57.26,25.00
323-804,76.34,87.79,100.96,116.1,133.52,153.55,57.26,25.00
323-805,76.34,87.79,100.96,116.1,133.52,153.55,57.26,25.00
323-806,76.34,87.79,100.96,116.1,133.52,153.55,57.26,25.00
323-807,76.34,87.79,100.96,116.1,133.52,153.55,57.26,25.00
323-808,76.34,87.79,100.96,116.1,133.52,153.55,57.26,25.00
323-809,76.34,87.79,100.96,116.1,133.52,153.55,57.26,25.00
323-810,76.34,87.79,100.96,116.1,133.52,153.55,57.26,25.00
323-811,76.34,87.79,100.96,116.1,133.52,153.55,57.26,25.00
323-812,76.34,87.79,100.96,116.1,133.52,153.55,57.26,25.00
323-813,76.34,87.79,100.96,116.1,133.52,153.55,57.26,25.00
323-814,76.34,87.79,100.96,116.1,133.52,153.55,57.26,25.00
323-815,76.34,87.79,100.96,116.1,133.52,153.55,57.26,25.00
323-816,76.34,87.79,100.96,116.1,133.52,153.55,57.26,25.00
323-817,76.34,87.79,100.96,116.1,133.52,153.55,57.26,25.00
323-818,76.34,87.79,100.96,116.1,133.52,153.55,57.26,25.00
323-819,76.34,87.79,100.96,116.1,133.52,153.55,57.26,25.00
323-820,76.34,87.79,100.96,116.1,133.52,153.55,57.26,25.00
323-821,76.34,87.79,100.96,116.1,133.52,153.55,57.26,25.00
323-822,76.34,87.79,100.96,116.1,133.52,153.55,57.26,25.00
323-823,76.34,87.79,100.96,116.1,133.52,153.55,57.26,25.00
323-824,76.34,87.79,100.96,116.1,133.52,153.55,57.26,25.00
323-825,76.34,87.79,100.96,116.1,133.52,153.55,57.26,25.00
323-826,76.34,87.79,100.96,116.1,133.52,153.55,57.26,25.00
323-827,76.34,87.79,100.96,116.1,133.52,153.55,57.26,25.00
323-828,76.34,87.79,100.96,116.1,133.52,153.55,57.26,25.00
323-829,76.34,87.79,100.96,116.1,133.52,153.55,57.26,25.00
323-830,76.34,87.79,100.96,116.1,133.52,153.55,57.26,25.00
323-831,76.34,87.79,100.96,116.1,133.52,153.55,57.26,25.00
323-832,76.34,87.79,100.96,116.1,133.52,153.55,57.26,25.00
323-833,76.34,87.79,100.96,116.1,133.52,153.55,57.26,25.00
323-834,76.34,87.79,100.96,116.1,133.52,153.55,57.26,25.00
323-835,76.34,87.79,100.96,116.1,133.52,153.55,57.26,25.00
323-836,76.34,87.79,100.96,116.1,133.52,153.55,57.26,25.00
323-837,76.34,87.79,100.96,116.1,133.52,153.55,57.26,25.00
323-838,76.34,87.79,100.96,116.1,133.52,153.55,57.26,25.00
323-839,76.34,87.79,100.96,116.1,133.52,153.55,57.26,25.00
323-840,76.34,87.79,100.96,116.1,133.52,153.55,57.26,25.00
323-841,76.34,87.79,100.96,116.1,133.52,153.55,57.26,25.00
323-842,76.34,87.79,100.96,116.1,133.52,153.55,57.26,25.00
323-843,76.34,87.79,100.96,116.1,133.52,153.55,57.26,25.00
323-844,76.34,87.79,100.96,116.1,133.52,153.55,57.26,25.00
323-845,76.34,87.79,100.96,116.1,133.52,153.55,57.26,25.00
323-846,76.34,87.79,100.96,116.1,133.52,153.55,57.26,25.00
323-847,76.34,87.79,100.96,116.1,133.52,153.55,57.26,25.00
323-848,76.34,87.79,100.96,116.1,133.52,153.55,57.26,25.00
323-849,76.34,87.79,100.96,116.1,133.52,153.55,57.26,25.00
323-850,76.34,87.79,100.96,116.1,133.52,153.55,57.26,25.00
323-851,76.34,87.79,100.96,116.1,133.52,153.55,57.26,25.00
323-852,76.34,87.79,100.96,116.1,133.52,153.55,57.26,25.00
323-853,76.34,87.79,100.96,116.1,133.52,153.55,57.26,25.00
323-854,76.34,87.79,100.96,116.1,133.52,153.55,57.26,25.00
323-855,76.34,87.79,100.96,116.1,133.52,153.55,57.26,25.00
323-856,76.34,87.79,100.96,116.1,133.52,153.55,57.26,25.00
323-857,76.34,87.79,100.96,116.1,133.52,153.55,57.26,25.00
323-858,76.34,87.79,100.96,116.1,133.52,153.55,57.26,25.00
323-859,76.34,87.79,100.96,116.1,133.52,153.55,57.26,25.00
323-860,76.34,87.79,100.96,116.1,133.52,153.55,57.26,25.00
323-861,76.34,87.79,100.96,116.1,133.52,153.55,57.26,25.00
323-862,76.34,87.79,100.96,116.1,133.52,153.55,57.26,25.00
323-863,76.34,87.79,100.96,116.1,133.52,153.55,57.26,25.00
323-864,76.34,87.79,100.96,116.1,133.52,153.55,57.26,25.00
323-865,76.34,87.79,100.96,116.1,133.52,153.55,57.26,25.00
323-866,76.34,87.79,100.96,116.1,133.52,153.55,57.26,25.00
323-867,76.34,87.79,100.96,116.1,133.52,153.55,57.26,25.00
323-868,76.34,87.79,100.96,116.1,133.52,153.55,57.26,25.00
323-869,76.34,87.79,100.96,116.1,133.52,153.55,57.26,25.00
323-870,76.34,87.79,100.96,116.1,133.52,153.55,57.26,25.00
323-871,76.34,87.79,100.96,116.1,133.52,153.55,57.26,25.00
323-872,76.34,87.79,100.96,116.1,133.52,153.55,57.26,25.00
323-873,76.34,87.79,100.96,116.1,133.52,153.55,57.26,25.00
323-874,76.34,87.79,100.96,116.1,133.52,153.55,57.26,25.00
323-875,76.34,87.79,100.96,116.1,133.52,153.55,57.26,25.00
323-876,76.34,87.79,100.96,116.1,133.52,153.55,57.26,25.00
323-877,76.34,87.79,100.96,116.1,133.52,153.55,57.26,25.00
323-878,76.34,87.79,100.96,116.1,133.52,153.55,57.26,25.00
323-879,76.34,87.79,100.96,116.1,133.52,153.55,57.26,25.00
323-880,76.34,87.79,100.96,116.1,133.52,153.55,57.26,25.00
323-881,76.34,87.79,100.96,116.1,133.52,153.55,57.26,25.00
323-882,76.34,87.79,100.96,116.1,133.52,153.55,57.26,25.00
323-883,76.34,87.79,100.96,116.1,133.52,153.55,57.26,25.00
323-884,76.34,87.79,100.96,116.1,133.52,153.55,57.26,25.00
323-885,76.34,87.79,100.96,116.1,133.52,153.55,57.26,25.00
323-886,76.34,87.79,100.96,116.1,133.52,153.55,57.26,25.00
323-887,76.34,87.79,100.96,116.1,133.52,153.55,57.26,25.00
323-888,76.34,87.79,100.96,116.1,133.52,153.55,57.26,25.00
323-889,76.34,87.79,100.96,116.1,133.52,153.55,57.26,25.00
323-890,76.34,87.79,100.96,116.1,133.52,153.55,57.26,25.00
323-891,76.34,87.79,100.96,116.1,133.52,153.55,57.26,25.00
323-892,76.34,87.79,100.96,116.1,133.52,153.55,57.26,25.00
323-893,76.34,87.79,100.96,116.1,133.52,153.55,57.26,25.00
323-894,76.34,87.79,100.96,116.1,133.52,153.55,57.26,25.00
323-895,76.34,87.79,100.96,116.1,133.52,153.55,57.26,25.00
323-896,76.34,87.79,100.96,116.1,133.52,153.55,57.26,25.00
323-897,76.34,87.79,100.96,116.1,133.52,153.55,57.26,25.00
323-898,76.34,87.79,100.96,116.1,133.52,153.55,57.26,25.00
323-899,76.34,87.79,100.96,116.1,133.52,153.55,57.26,25.00
323-900,76.34,87.79,100.96,116.1,133.52,153.55,57.26,25.00
323-901,76.34,87.79,100.96,116.1,133.52,153.55,57.26,25.00
323-902,76.34,87.79,100.96,116.1,133.52,153.55,57.26,25.00
323-903,76.34,87.79,100.96,116.1,133.52,153.55,57.26,25.00
323-904,76.34,87.79,100.96,116.1,133.52,153.55,57.26,25.00
323-905,76.34,87.79,100.96,116.1,133.52,153.55,57.26,25.00
323-906,76.34,87.79,100.96,116.1,133.52,153.55,57.26,25.00
323-907,76.34,87.79,100.96,116.1,133.52,153.55,57.26,25.00
323-908,76.34,87.79,100.96,116.1,133.52,153.55,57.26,25.00
323-909,76.34,87.79,100.96,116.1,133.52,153.55,57.26,25.00
323-910,76.34,87.79,100.96,116.1,133.52,153.55,57.26,25.00
323-911,76.34,87.79,100.96,116.1,133.52,153.55,57.26,25.00
323-912,76.34,87.79,100.96,116.1,133.52,153.55,57.26,25.00
323-913,76.34,87.79,100.96,116.1,133.52,153.55,57.26,25.00
323-914,76.34,87.79,100.96,116.1,133.52,153.55,57.26,25.00
323-915,76.34,87.79,100.96,116.1,133.52,153.55,57.26,25.00
323-916,76.34,87.79,100.96,116.1,133.52,153.55,57.26,25.00
323-917,76.34,87.79,100.96,116.1,133.52,153.55,57.26,25.00
323-918,76.34,87.79,100.96,116.1,133.52,153.55,57.26,25.00
323-919,76.34,87.79,100.96,116.1,133.52,153.55,57.26,25.00
323-920,76.34,87.79,100.96,116.1,133.52,153.55,57.26,25.00
323-921,76.34,87.79,100.96,116.1,133.52,153.55,57.26,25.00
323-922,76.34,87.79,100.96,116.1,133.52,153.55,57.26,25.00
323-923,76.34,87.79,100.96,116.1,133.52,153.55,57.26,25.00
323-924,76.34,87.79,100.96,116.1,133.52,153.55,57.26,25.00
323-925,76.34,87.79,100.96,116.1,133.52,153.55,57.26,25.00
323-926,76.34,87.79,100.96,116.1,133.52,153.55,57.26,25.00
323-927,76.34,87.79,100.96,116.1,133.52,153.55,57.26,25.00
323-928,76.34,87.79,100.96,116.1,133.52,153.55,57.26,25.00
323-929,76.34,87.79,100.96,116.1,133.52,153.55,57.26,25.00
323-930,76.34,87.79,100.96,116.1,133.52,153.55,57.26,25.00
323-931,76.34,87.79,100.96,116.1,133.52,153.55,57.26,25.00
323-932,76.34,87.79,100.96,116.1,133.52,153.55,57.26,25.00
323-933,76.34,87.79,100.96,116.1,133.52,153.55,57.26,25.00
323-934,76.34,87.79,100.96,116.1,133.52,153.55,57.26,25.00
323-935,76.34,87.79,100.96,116.1,133.52,153.55,57.26,25.00
323-936,76.34,87.79,100.96,116.1,133.52,153.55,57.26,25.00
323-937,76.34,87.79,100.96,116.1,133.52,153.55,57.26,25.00
323-938,76.34,87.79,100.96,116.1,133.52,153.55,57.26,25.00
323-939,76.34,87.79,100.96,116.1,133.52,153.55,57.26,25.00
323-940,76.34,87.79,100.96,116.1,133.52,153.55,57.26,25.00
323-941,76.34,87.79,100.96,116.1,133.52,153.55,57.26,25.00
323-942,76.34,87.79,100.96,116.1,133.52,153.55,57.26,25.00
323-943,76.34,87.79,100.96,116.1,133.52,153.55,57.26,25.00
323-944,76.34,87.79,100.96,116.1,133.52,153.55,57.26,25.00
323-945,76.34,87.79,100.96,116.1,133.52,153.55,57.26,25.00
323-946,76.34,87.79,100.96,116.1,133.52,153.55,57.26,25.00
323-947,76.34,87.79,100.96,116.1,133.52,153.55,57.26,25.00
323-948,76.34,87.79,100.96,116.1,133.52,153.55,57.26,25.00
323-949,76.34,87.79,100.96,116.1,133.52,153.55,57.26,25.00
323-950,76.34,87.79,100.96,116.1,133.52,153.55,57.26,25.00
323-951,76.34,87.79,100.96,116.1,133.52,153.55,57.26,25.00
323-952,76.34,87.79,100.96,116.1,133.52,153.55,57.26,25.00
323-953,76.34,87.79,100.96,116.1,133.52,153.55,57.26,25.00
323-954,76.34,87.79,100.96,116.1,133.52,153.55,57.26,25.00
323-955,76.34,87.79,100.96,116.1,133.52,153.55,57.26,25.00
323-956,76.34,87.79,100.96,116.1,133.52,153.55,57.26,25.00
323-957,76.34,87.79,100.96,116.1,133.52,153.55,57.26,25.00
323-958,76.34,87.79,100.96,116.1,133.52,153.55,57.26,25.00
323-959,76.34,87.79,100.96,116.1,133.52,153.55,57.26,25.00
323-960,76.34,87.79,100.96,116.1,133.52,153.55,57.26,25.00
323-961,76.34,87.79,100.96,116.1,133.52,153.55,57.26,25.00
323-962,76.34,87.79,100.96,116.1,133.52,153.55,57.26,25.00
323-963,76.34,87.79,100.96,116.1,133.52,153.55,57.26,25.00
323-964,76.34,87.79,100.96,116.1,133.52,153.55,57.26,25.00
323-965,76.34,87.79,100.96,116.1,133.52,153.55,57.26,25.00
323-966,76.34,87.79,100.96,116.1,133.52,153.55,57.26,25.00
323-967,76.34,87.79,100.96,116.1,133.52,153.55,57.26,25.00
323-968,76.34,87.79,100.96,116.1,133.52,153.55,57.26,25.00
323-969,76.34,87.79,100.96,116.1,133.52,153.55,57.26,25.00
323-970,76.34,87.79,100.96,116.1,133.52,153.55,57.26,25.00
323-971,76.34,87.79,100.96,116.1,133.52,153.55,57.26,25.00
323-972,76.34,87.79,100.96,116.1,133.52,153.55,57.26,25.00
323-973,76.34,87.79,100.96,116.1,133.52,153.55,57.26,25.00
323-974,76.34,87.79,100.96,116.1,133.52,153.55,57.26,25.00
323-975,76.34,87.79,100.96,116.1,133.52,153.55,57.26,25.00
323-976,76.34,87.79,100.96,116.1,133.52,153.55,57.26,25.00
323-977,76.34,87.79,100.96,116.1,133.52,153.55,57.26,25.00
323-978,76.34,87.79,100.96,116.1,133.52,153.55,57.26,25.00
323-979,76.34,87.79,100.96,116.1,133.52,153.55,57.26,25.00
323-980,76.34,87.79,100.96,116.1,133.52,153.55,57.26,25.00
323-981,76.34,87.79,100.96,116.1,133.52,153.55,57.26,25.00
323-982,76.34,87.79,100.96,116.1,133.52,153.55,57.26,25.00
323-983,76.34,87.79,100.96,116.1,133.52,153.55,57.26,25.00
323-984,76.34,87.79,100.96,116.1,133.52,153.55,57.26,25.00
323-985,76.34,87.79,100.96,116.1,133.52,153.55,57.26,25.00
323-986,76.34,87.79,100.96,116.1,133.52,153.55,57.26,25.00
323-987,76.34,87.79,100.96,116.1,133.52,153.55,57.26,25.00
323-988,76.34,87.79,100.96,116.1,133.52,153.55,57.26,25.00
323-989,76.34,87.79,100.96,116.1,133.52,153.55,57.26,25.00
323-990,76.34,87.79,100.96,116.1,133.52,153.55,57.26,25.00
323-991,76.34,87.79,100.96,116.1,133.52,153.55,57.26,25.00
323-992,76.34,87.79,100.96,116.1,133.52,153.55,57.26,25.00
323-993,76.34,87.79,100.96,116.1,133.52,153.55,57.26,25.00
323-994,76.34,87.79,100.96,116.1,133.52,153.55,57.26,25.00
323-995,76.34,87.79,100.96,116.1,133.52,153.55,57.26,25.00
323-996,76.34,87.79,100.96,116.1,133.52,153.55,57.26,25.00
323-997,76.34,87.79,100.96,116.1,133.52,153.55,57.26,25.00
323-998,76.34,87.79,100.96,116.1,133.52,153.55,57.26,25.00
323-999,76.34,87.79,100.96,116.1,133.52,153.55,57.26,25.00
323-1000,76.34,87.79,100.96,116.1,133.52,153.55,57.26,25.00
323-1001,76.34,87.79,100.96,116.1,133.52,153.55,57.26,25.00
323-1002,76.34,87.79,100.96,116.1,133.52,153.55,57.26,25.00
323-1003,76.34,87.79,100.96,116.1,133.52,153.55,57.26,25.00
323-1004,76.34,87.79,100.96,116.1,133.52,153.55,57.26,25.00
323-1005,76.34,87.79,100.96,116.1,133.52,153.55,57.26,25.00
323-1006,76.34,87.79,100.96,116.1,133.52,153.55,57.26,25.00
323-1007,76.34,87.79,100.96,116.1,133.52,153.55,57.26,25.00
323-1008,76.34,87.79,100.96,116.1,133.52,153.55,57.26,25.00
323-1009,76.34,87.79,100.96,116.1,133.52,153.55,57.26,25.00
323-1010,76.34,87.79,100.96,116.1,133.52,153.55,57.26,25.00
323-1011,76.34,87.79,100.96,116.1,133.52,153.55,57.26,25.00
323-1012,76.34,87.79,100.96,116.1,133.52,153.55,57.26,25.00
323-1013,76.34,87.79,100.96,116.1,133.52,153.55,57.26,25.00
323-1014,76.34,87.79,100.96,116.1,133.52,153.55,57.26,25.00
323-1015,76.34,87.79,100.96,116.1,133.52,153.55,57.26,25.00
323-1016,76.34,87.79,100.96,116.1,133.52,153.55,57.26,25.00
323-1017,76.34,87.79,100.96,116.1,133.52,153.55,57.26,25.00
323-1018,76.34,87.79,100.96,116.1,133.52,153.55,57.26,25.00
323-1019,76.34,87.79,100.96,116.1,133.52,153.55,57.26,25.00
323-1020,76.34,87.79,100.96,116.1,133.52,153.55,57.26,25.00
323-1021,76.34,87.79,100.96,116.1,133.52,153.55,57.26,25.00
323-1022,76.34,87.79,100.96,116.1,133.52,153.55,57.26,25.00
323-1023,76.34,87.79,100.96,116.1,133.52,153.55,57.26,25.00
323-1024,76.34,87.79,100.96,116.1,133.52,153.55,57.26,25.00
323-1025,76.34,87.79,100.96,116.1,133.52,153.55,57.26,25.00
323-1026,76.34,87.79,100.96,116.1,133.52,153.55,57.26,25.00
323-1027,76.34,87.79,100.96,116.1,133.52,153.55,57.26,25.00
323-1028,76.34,87.79,100.96,116.1,133.52,153.55,57.26,25.00
323-1029,76.34,87.79,100.96,116.1,133.52,153.55,57.26,25.00
323-1030,76.34,87.79,100.96,116.1,133.52,153.55,57.26,25.00
323-1031,76.34,87.79,100.96,116.1,133.52,153.55,57.26,25.00
323-1032,76.34,87.79,100.96,116.1,133.52,153.55,57.26,25.00
323-1033,76.34,87.79,100.96,116.1,133.52,153.55,57.26,25.00
323-1034,76.34,87.79,100.96,116.1,133.52,153.55,57.26,25.00
323-1035,76.34,87.79,100.96,116.1,133.52,153.55,57.26,25.00
323-1036,76.34,87.79,100.96,116.1,133.52,153.55,57.26,25.00
323-1037,76.34,87.79,100.96,116.1,133.52,153.55,57.26,25.00
323-1038,76.34,87.79,100.96,116.1,133.52,153.55,57.26,25.00
323-1039,76.34,87.79,100.96,116.1,133.52,153.55,57.26,25.00
323-1040,76.34,87.79,100.96,116.1,133.52,153.55,57.26,25.00
323-1041,76.34,87.79,100.96,116.1,133.52,153.55,57.26,25.00
323-1042,76.34,87.79,100.96,116.1,133.52,153.55,57.26,25.00
323-1043,76.34,87.79,100.96,116.1,133.52,153.55,57.26,25.00
323-1044,76.34,87.79,100.96,116.1,133.52,153.55,57.26,25.00
323-1045,76.34,87.79,100.96,116.1,133.52,153.55,57.26,25.00
323-1046,76.34,87.79,100.96,116.1,133.52,153.55,57.26,25.00
323-1047,76.34,87.79,100.96,116.1,133.52,153.55,57.26,25.00
323-1048,76.34,87.79,100.96,116.1,133.52,153.55,57.26,25.00
323-1049,76.34,87.79,100.96,116.1,133.52,153.55,57.26,25.00
323-1050,76.34,87.79,100.96,116.1,133.52,153.55,57.26,25.00
323-1051,76.34,87.79,100.96,116.1,133.52,153.55,57.26,25.00
323-1052,76.34,87.79,100.96,116.1,133.52,153.55,57.26,25.00
323-1053,76.34,87.79,100.96,116.1,133.52,153.55,57.26,25.00
323-1054,76.34,87.79,100.96,116.1,133.52,153.55,57.26,25.00
323-1055,76.34,87.79,100.96,116.1,133.52,153.55,57.26,25.00
323-1056,76.34,87.79,100.96,116.1,133.52,153.55,57.26,25.00
323-1057,76.34,87.79,100.96,116.1,133.52,153.55,57.26,25.00
323-1058,76.34,87.79,100.96,116.1,133.52,153.55,57.26,25.00
323-1059,76.34,87.79,100.96,116.1,133.52,153.55,57.26,25.00
323-1060,76.34,87.79,100.96,116.1,133.52,153.55,57.26,25.00
323-1061,76.34,87.79,100.96,116.1,133.52,153.55,57.26,25.00
323-1062,76.34,87.79,100.96,116.1,133.52,153.55,57.26,25.00
323-1063,76.34,87.79,100.96,116.1,133.52,153.55,57.26,25.00
323-1064,76.34,87.79,100.96,116.1,133.52,153.55,57.26,25.00
323-1065,76.34,87.79,100.96,116.1,133.52,153.55,57.26,25.00
323-1066,76.34,87.79,100.96,116.1,133.52,153.55,57.26,25.00
323-1067,76.34,87.79,100.96,116.1,133.52,153.55,57.26,25.00
323-1068,76.34,87.79,100.96,116.1,133.52,153.55,57.26,25.00
323-1069,76.34,87.79,100.96,116.1,133.52,153.55,57.26,25.00
323-1070,76.34,87.79,100.96,116.1,133.52,153.55,57.26,25.00
323-1071,76.34,87.79,100.96,116.1,133.52,153.55,57.26,25.00
323-1072,76.34,87.79,100.96,116.1,133.52,153.55,57.26,25.00
323-1073,76.34,87.79,100.96,116.1,133.52,153.55,57.26,25.00
323-1074,76.34,87.79,100.96,116.1,133.52,153.55,57.26,25.00
323-1075,76.34,87.79,100.96,116.1,133.52,153.55,57.26,25.00
323-1076,76.34,87.79,100.96,116.1,133.52,153.55,57.26,25.00
323-1077,76.34,87.79,100.96,116.1,133.52,153.55,57.26,25.00
323-1078,76.34,87.79,100.96,116.1,133.52,153.55,57.26,25.00
323-1079,76.34,87.79,100.96,116.1,133.52,153.55,57.26,25.00
323-1080,76.34,87.79,100.96,116.1,133.52,153.55,57.26,25.00
323-1081,76.34,87.79,100.96,116.1,133.52,153.55,57.26,25.00
323-1082,76.34,87.79,100.96,116.1,133.52,153.55,57.26,25.00
323-1083,76.34,87.79,100.96,116.1,133.52,153.55,57.26,25.00
323-1084,76.34,87.79,100.96,116.1,133.52,153.55,57.26,25.00
323-1085,76.34,87.79,100.96,116.1,133.52,153.55,57.26,25.00
323-1086,76.34,87.79,100.96,116.1,133.52,153.55,57.26,25.00
323-1087,76.34,87.79,100.96,116.1,133.52,153.55,57.26,25.00
323-1088,76.34,87.79,100.96,116.1,133.52,153.55,57.26,25.00
323-1089,76.34,87.79,100.96,116.1,133.52,153.55,57.26,25.00
323-1090,76.34,87.79,100.96,116.1,133.52,153.55,57.26,25.00
323-1091,76.34,87.79,100.96,116.1,133.52,153.55,57.26,25.00
323-1092,76.34,87.79,100.96,116.1,133.52,153.55,57.26,25.00
323-1093,76.34,87.79,100.96,116.1,133.52,153.55,57.26,25.00
323-1094,76.34,87.79,100.96,116.1,133.52,153.55,57.26,25.00
323-1095,76.34,87.79,100.96,116.1,133.52,153.55,57.26,25.00
323-1096,76.34,87.79,100.96,116.1,133.52,153.55,57.26,25.00
323-1097,76.34,87.79,100.96,116.1,133.52,153.55,57.26,25.00
323-1098,76.34,87.79,100.96,116.1,133.52,153.55,57.26,25.00
323-1099,76.34,87.79,100.96,116.1,133.52,153.55,57.26,25.00
323-1100,76.34,87.79,100.96,116.1,133.52,153.55,57.26,25.00
323-1101,76.34,87.79,100.96,116.1,133.52,153.55,57.26,25.00
323-1102,76.34,87.79,100.96,116.1,133.52,153.55,57.26,25.00
323-1103,76.34,87.79,100.96,116.1,133.52,153.55,57.26,25.00
323-1104,76.34,87.79,100.96,116.1,133.52,153.55,57.26,25.00
323-1105,76.34,87.79,100.96,116.1,133.52,153.55,57.26,25.00
323-1106,76.34,87.79,100.96,116.1,133.52,153.55,57.26,25.00
323-1107,76.34,87.79,100.96,116.1,133.52,153.55,57.26,25.00
323-1108,76.34,87.79,100.96,116.1,133.52,153.55,57.26,25.00
323-1109,76.34,87.79,100.96,116.1,133.52,153.55,57.26,25.00
323-1110,76.34,87.79,100.96,116.1,133.52,153.55,57.26,25.00
323-1111,76.34,87.79,100.96,116.1,133.52,153.55,57.26,25.00
323-1112,76.34,87.79,100.96,116.1,133.52,153.55,57.26,25.00
323-1113,76.34,87.79,100.96,116.1,133.52,153.55,57.26,25.00
323-1114,76.34,87.79,100.96,116.1,133.52,153.55,57.26,25.00
323-1115,76.34,87.79,100.96,116.1,133.52,153.55,57.26,25.00
323-1116,76.34,87.79,100.96,116.1,133.52,153.55,57.26,25.00
323-1117,76.34,87.79,100.96,116.1,133.52,153.55,57.26,25.00
323-1118,76.34,87.79,100.96,116.1,133.52,153.55,57.26,25.00
323-1119,76.34,87.79,100.96,116.1,133.52,153.55,57.26,25.00
323-1120,76.34,87.79,100.96,116.1,133.52,153.55,57.26,25.00
323-1121,76.34,87.79,100.96,116.1,133.52,153.55,57.26,25.00
323-1122,76.34,87.79,100.96,116.1,133.52,153.55,57.26,25.00
323-1123,76.34,87.79,100.96,116.1,133.52,153.55,57.26,25.00
323-1124,76.34,87.79,100.96,116.1,133.52,153.55,57.26,25.00
323-1125,76.34,87.79,100.96,116.1,133.52,153.55,57.26,25.00
323-1126,76.34,87.79,100.96,116.1,133.52,153.55,57.26,25.00
323-1127,76.34,87.79,100.96,116.1,133.52,153.55,57.26,25.00
323-1128,76.34,87.79,100.96,116.1,133.52,153.55,57.26,25.00
323-1129,76.34,87.79,100.96,116.1,133.52,153.55,57.26,25.00
323-1130,76.34,87.79,100.96,116.1,133.52,153.55,57.26,25.00
323-1131,76.34,87.79,100.96,116.1,133.52,153.55,57.26,25.00
323-1132,76.34,87.79,100.96,116.1,133.52,153.55,57.26,25.00
323-1133,76.34,87.79,100.96,116.1,133.52,153.55,57.26,25.00
323-1134,76.34,87.79,100.96,116.1,133.52,153.55,57.26,25.00
323-1135,76.34,87.79,100.96,116.1,133.52,153.55,57.26,25.00
323-1136,76.34,87.79,100.96,116.1,133.52,153.55,57.26,25.00
323-1137,76.34,87.79,100.96,116.1,133.52,153.55,57.26,25.00
323-1138,76.34,87.79,100.96,116.1,133.52,153.55,57.26,25.00
323-1139,76.34,87.79,100.96,116.1,133.52,153.55,57.26,25.00
323-1140,76.34,87.79,100.96,116.1,133.52,153.55,57.26,25.00
323-1141,76.34,87.79,100.96,116.1,133.52,153.55,57.26,25.00
323-1142,76.34,87.79,100.96,116.1,133.52,153.55,57.26,25.00
323-1143,76.34,87.79,100.96,116.1,133.52,153.55,57.26,25.00
323-1144,76.34,87.79,100.96,116.1,133.52,153.55,57.26,25.00
323-1145,76.34,87.79,100.96,116.1,133.52,153.55,57.26,25.00
323-1146,76.34,87.79,100.96,116.1,133.52,153.55,57.26,25.00
323-1147,76.34,87.79,100.96,116.1,133.52,153.55,57.26,25.00
323-1148,76.34,87.79,100.96,116.1,133.52,153.55,57.26,25.00
323-1149,76.34,87.79,100.96,116.1,133.52,153.55,57.26,25.00
323-1150,76.34,87.79,100.96,116.1,133.52,153.55,57.26,25.00
323-1151,76.34,87.79,100.96,116.1,133.52,153.55,57.26,25.00
323-1152,76.34,87.79,100.96,116.1,133.52,153.55,57.26,25.00
323-1153,76.34,87.79,100.96,116.1,133.52,153.55,57.26,25.00
323-1154,76.34,87.79,100.96,116.1,133.52,153.55,57.26,25.00
323-1155,76.34,87.79,100.96,116.1,133.52,153.55,57.26,25.00
323-1156,76.34,87.79,100.96,116.1,133.52,153.55,57.26,25.00
323-1157,76.34,87.79,100.96,116.1,133.52,153.55,57.26,25.00
323-1158,76.34,87.79,100.96,116.1,133.52,153.55,57.26,25.00
323-1159,76.34,87.79,100.96,116.1,133.52,153.55,57.26,25.00
323-1160,76.34,87.79,100.96,116.1,133.52,153.55,57.26,25.00
323-1161,76.34,87.79,100.96,116.1,133.52,153.55,57.26,25.00
323-1162,76.34,87.79,100.96,116.1,133.52,153.55,57.26,25.00
323-1163,76.34,87.79,100.96,116.1,133.52,153.55,57.26,25.00
323-1164,76.34,87.79,100.96,116.1,133.52,153.55,57.26,25.00
323-1165,76.34,87.79,100.96,116.1,133.52,153.55,57.26,25.00
323-1166,76.34,87.79,100.96,116.1,133.52,153.55,57.26,25.00
323-1167,76.34,87.79,100.96,116.1,133.52,153.55,57.26,25.00
323-1168,76.34,87.79,100.96,116.1,133.52,153.55,57.26,25.00
323-1169,76.34,87.79,100.96,116.1,133.52,153.55,57.26,25.00
323-1170,76.34,87.79,100.96,116.1,133.52,153.55,57.26,25.00
323-1171,76.34,87.79,100.96,116.1,133.52,153.55,57.26,25.00
323-1172,76.34,87.79,100.96,116.1,133.52,153.55,57.26,25.00
323-1173,76.34,87.79,100.96,116.1,133.52,153.55,57.26,25.00
323-1174,76.34,87.79,100.96,116.1,133.52,153.55,57.26,25.00
323-1175,76.34,87.79,100.96,116.1,133.52,153.55,57.26,25.00
323-1176,76.34,87.79,100.96,116.1,133.52,153.55,57.26,25.00
323-1177,76.34,87.79,100.96,116.1,133.52,153.55,57.26,25.00
323-1178,76.34,87.79,100.96,116.1,133.52,153.55,57.26,25.00
323-1179,76.34,87.79,100.96,116.1,133.52,153.55,57.26,25.00
323-1180,76.34,87.79,100.96,116.1,133.52,153.55,57.26,25.00
323-1181,76.34,87.79,100.96,116.1,133.52,153.55,57.26,25.00
323-1182,76.34,87.79,100.96,116.1,133.52,153.55,57.26,25.00
323-1183,76.34,87.79,100.96,116.1,133.52,153.55,57.26,25.00
323-1184,76.34,87.79,100.96,116.1,133.52,153.55,57.26,25.00
323-1185,76.34,87.79,100.96,116.1,133.52,153.55,57.26,25.00
323-1186,76.34,87.79,100.96,116.1,133.52,153.55,57.26,25.00
323-1187,76.34,87.79,100.96,116.1,133.52,153.55,57.26,25.00
323-1188,76.34,87.79,100.96,116.1,133.52,153.55,57.26,25.00
323-1189,76.34,87.79,100.96,116.1,133.52,153.55,57.26,25.00
323-1190,76.34,87.79,100.96,116.1,133.52,153.55,57.26,25.00
323-1191,76.34,87.79,100.96,116.1,133.52,153.55,57.26,25.00
323-1192,76.34,87.79,100.96,116.1,133.52,153.55,57.26,25.00
323-1193,76.34,87.79,100.96,116.1,133.52,153.55,57.26,25.00
323-1194,76.34,87.79,100.96,116.1,133.52,153.55,57.26,25.00
323-1195,76.34,87.79,100.96,116.1,133.52,153.55,57.26,25.00
323-1196,76.34,87.79,100.96,116.1,133.52,153.55,57.26,25.00
323-1197,76.34,87.79,100.96,116.1,133.52,153.55,57.26,25.00
323-1198,76.34,87.79,100.96,116.1,133.52,153.55,57.26,25.00
323-1199,76.34,87.79,100.96,116.1,133.52,153.55,57.26,25.00
323-1200,76.34,87.79,100.96,116.1,133.52,153.55,57.26,25.00
323-1201,76.34,87.79,100.96,116.1,133.52,153.55,57.26,25.00
323-1202,76.34,87.79,100.96,116.1,133.52,153.55,57.26,25.00
323-1203,76.34,87.79,100.96,116.1,133.52,153.55,57.26,25.00
323-1204,76.34,87.79,100.96,116.1,133.52,153.55,57.26,25.00
323-1205,76.34,87.79,100.96,116.1,133.52,153.55,57.26,25.00
323-1206,76.34,87.79,100.96,116.1,133.52,153.55,57.26,25.00
323-1207,76.34,87.79,100.96,116.1,133.52,153.55,57.26,25.00
323-1208,76.34,87.79,100.96,116.1,133.52,153.55,57.26,25.00
323-1209,76.34,87.79,100.96,116.1,133.52,153.55,57.26,25.00
323-1210,76.34,87.79,100.96,116.1,133.52,153.55,57.26,25.00
323-1211,76.34,87.79,100.96,116.1,133.52,153.55,57.26,25.00
323-1212,76.34,87.79,100.96,116.1,133.52,153.55,57.26,25.00
323-1213,76.34,87.79,100.96,116.1,133.52,153.55,57.26,25.00
323-1214,76.34,87.79,100.96,116.1,133.52,153.55,57.26,25.00
323-1215,76.34,87.79,100.96,116.1,133.52,153.55,57.26,25.00
323-1216,76.34,87.79,100.96,116.1,133.52,153.55,57.26,25.00
323-1217,76.34,87.79,100.96,116.1,133.52,153.55,57.26,25.00
323-1218,76.34,87.79,100.96,116.1,133.52,153.55,57.26,25.00
323-1219,76.34,87.79,100.96,116.1,133.52,153.55,57.26,25.00
323-1220,76.34,87.79,100.96,116.1,133.52,153.55,57.26,25.00
323-1221,76.34,87.79,100.96,116.1,133.52,153.55,57.26,25.00
323-1222,76.34,87.79,100.96,116.1,133.52,153.55,57.26,25.00
323-1223,76.34,87.79,100.96,116.1,133.52,153.55,57.26,25.00
323-1224,76.34,87.79,100.96,116.1,133.52,153.55,57.26,25.00
323-1225,76.34,87.79,100.96,116.1,133.52,153.55,57.26,25.00
323-1226,76.34,87.79,100.96,116.1,133.52,153.55,57.26,25.00
323-1227,76.34,87.79,100.96,116.1,133.52,153.55,57.26,25.00
323-1228,76.34,87.79,100.96,116.1,133.52,153.55,57.26,25.00
323-1229,76.34,87.79,100.96,116.1,133.52,153.55,57.26,25.00
323-1230,76.34,87.79,100.96,116.1,133.52,153.55,57.26,25.00
323-1231,76.34,87.79,100.96,116.1,133.52,153.55,57.26,25.00
323-1232,76.34,87.79,100.96,116.1,133.52,153.55,57.26,25.00
323-1233,76.34,87.79,100.96,116.1,133.52,153.55,57.26,25.00
323-1234,76.34,87.79,100.96,116.1,133.52,153.55,57.26,25.00
323-1235,76.34,87.79,100.96,116.1,133.52,153.55,57.26,25.00
323-1236,76.34,87.79,100.96,116.1,133.52,153.55,57.26,25.00
323-1237,76.34,87.79,100.96,116.1,133.52,153.55,57.26,25.00
323-1238,76.34,87.79,100.96,116.1,133.52,153.55,57.26,25.00
323-1239,76.34,87.79,100.96,116.1,133.52,153.55,57.26,25.00
323-1240,76.34,87.79,100.96,116.1,133.52,153.55,57.26,25.00
323-1241,76.34,87.79,100.96,116.1,133.52,153.55,57.26,25.00
323-1242,76.34,87.79,100.96,116.1,133.52,153.55,57.26,25.00
323-1243,76.34,87.79,100.96,116.1,133.52,153.55,57.26,25.00
323-1244,76.34,87.79,100.96,116.1,133.52,153.55,57.26,25.00
323-1245,76.34,87.79,100.96,116.1,133.52,153.55,57.26,25.00
323-1246,76.34,87.79,100.96,116.1,133.52,153.55,57.26,25.00
323-1247,76.34,87.79,100.96,116.1,133.52,153.55,57.26,25.00
323-1248,76.34,87.79,100.96,116.1,133.52,153.55,57.26,25.00
323-1249,76.34,87.79,100.96,116.1,133.52,153.55,57.26,25.00
323-1250,76.34,87.79,100.96,116.1,133.52,153.55,57.26,25.00
323-1251,76.34,87.79,100.96,116.1,133.52,153.55,57.26,25.00
323-1252,76.34,87.79,100.96,116.1,133.52,153.55,57.26,25.00
323-1253,76.34,87.79,100.96,116.1,133.52,153.55,57.26,25.00
323-1254,76.34,87.79,100.96,116.1,133.52,153.55,57.26,25.00
323-1255,76.34,87.79,100.96,116.1,133.52,153.55,57.26,25.00
323-1256,76.34,87.79,100.96,116.1,133.52,153.55,57.26,25.00
323-1257,76.34,87.79,100.96,116.1,133.52,153.55,57.26,25.00
323-1258,76.34,87.79,100.96,116.1,133.52,153.55,57.26,25.00
323-1259,76.34,87.79,100.96,116.1,133.52,153.55,57.26,25.00
323-1260,76.34,87.79,100.96,116.1,133.52,153.55,57.26,25.00
323-1261,76.34,87.79,100.96,116.1,133.52,153.55,57.26,25.00
323-1262,76.34,87.79,100.96,116.1,133.52,153.55,57.26,25.00
323-1263,76.34,87.79,100.96,116.1,133.52,153.55,57.26,25.00
323-1264,76.34,87.79,100.96,116.1,133.52,153.55,57.26,25.00
323-1265,76.34,87.79,100.96,116.1,133.52,153.55,57.26,25.00
323-1266,76.34,87.79,100.96,116.1,133.52,153.55,57.26,25.00
323-1267,76.34,87.79,100.96,116.1,133.52,153.55,57.26,25.00
323-1268,76.34,87.79,100.96,116.1,133.52,153.55,57.26,25.00
323-1269,76.34,87.79,100.96,116.1,133.52,153.55,57.26,25.00
323-1270,76.34,87.79,100.96,116.1,133.52,153.55,57.26,25.00
323-1271,76.34,87.79,100.96,116.1,133.52,153.55,57.26,25.00
323-1272,76.34,87.79,100.96,116.1,133.52,153.55,57.26,25.00
323-1273,76.34,87.79,100.96,116.1,133.52,153.55,57.26,25.00
323-1274,76.34,87.79,100.96,116.1,133.52,153.55,57.26,25.00
323-1275,76.34,87.79,100.96,116.1,133.52,153.55,57.26,25.00
323-1276,76.34,87.79,100.96,116.1,133.52,153.55,57.26,25.00
323-1277,76.34,87.79,100.96,116.1,133.52,153.55,57.26,25.00
323-1278,76.34,87.79,100.96,116.1,133.52,153.55,57.26,25.00
323-1279,76.34,87.79,100.96,116.1,133.52,153.55,57.26,25.00
323-1280,76.34,87.79,100.96,116.1,133.52,153.55,57.26,25.00
323-1281,76.34,87.79,100.96,116.1,133.52,153.55,57.26,25.00
323-1282,76.34,87.79,100.96,116.1,133.52,153.55,57.26,25.00
323-1283,76.34,87.79,100.96,116.1,133.52,153.55,57.26,25.00
323-1284,76.34,87.79,100.96,116.1,133.52,153.55,57.26,25.00
323-1285,76.34,87.79,100.96,116.1,133.52,153.55,57.26,25.00
323-1286,76.34,87.79,100.96,116.1,133.52,153.55,57.26,25.00
323-1287,76.34,87.79,100.96,116.1,133.52,153.55,57.26,25.00
323-1288,76.34,87.79,100.96,116.1,133.52,153.55,57.26,25.00
323-1289,76.34,87.79,100.96,116.1,133.52,153.55,57.26,25.00
323-1290,76.34,87.79,100.96,116.1,133.52,153.55,57.26,25.00
323-1291,76.34,87.79,100.96,116.1,133.52,153.55,57.26,25.00
323-1292,76.34,87.79,100.96,116.1,133.52,153.55,57.26,25.00
323-1293,76.34,87.79,100.96,116.1,133.52,153.55,57.26,25.00
323-1294,76.34,87.79,100.96,116.1,133.52,153.55,57.26,25.00
323-1295,76.34,87.79,100.96,116.1,133.52,153.55,57.26,25.00
323-1296,76.34,87.79,100.96,116.1,133.52,153.55,57.26,25.00
323-1297,76.34,87.79,100.96,116.1,133.52,153.55,57.26,25.00
323-1298,76.34,87.79,100.96,116.1,133.52,153.55,57.26,25.00
323-1299,76.34,87.79,100.96,116.1,133.52,153.55,57.26,25.00
323-1300,76.34,87.79,100.96,116.1,133.52,153.55,57.26,25.00
323-1301,76.34,87.79,100.96,116.1,133.52,153.55,57.26,25.00
323-1302,76.34,87.79,100.96,116.1,133.52,153.55,57.26,25.00
323-1303,76.34,87.79,100.96,116.1,133.52,153.55,57.26,25.00
323-1304,76.34,87.79,100.96,116.1,133.52,153.55,57.26,25.00
323-1305,76.34,87.79,100.96,116.1,133.52,153.55,57.26,25.00
323-1306,76.34,87.79,100.96,116.1,133.52,153.55,57.26,25.00
323-1307,76.34,87.79,100.96,116.1,133.52,153.55,57.26,25.00
323-1308,76.34,87.79,100.96,116.1,133.52,153.55,57.26,25.00
323-1309,76.34,87.79,100.96,116.1,133.52,153.55,57.26,25.00
323-1310,76.34,87.79,100.96,116.1,133.52,153.55,57.26,25.00
323-1311,76.34,87.79,100.96,116.1,133.52,153.55,57.26,25.00
323-1312,76.34,87.79,100.96,116.1,133.52,153.55,57.26,25.00
323-1313,76.34,87.79,100.96,116.1,133.52,153.55,57.26,25.00
323-1314,76.34,87.79,100.96,116.1,133.52,153.55,57.26,25.00
323-1315,76.34,87.79,100.96,116.1,133.52,153.55,57.26,25.00
323-1316,76.34,87.79,100.96,116.1,133.52,153.55,57.26,25.00
323-1317,76.34,87.79,100.96,116.1,133.52,153.55,57.26,25.00
323-1318,76.34,87.79,100.96,116.1,133.52,153.55,57.26,25.00
323-1319,76.34,87.79,100.96,116.1,133.52,153.55,57.26,25.00
323-1320,76.34,87.79,100.96,116.1,133.52,153.55,57.26,25.00
323-1321,76.34,87.79,100.96,116.1,133.52,153.55,57.26,25.00
323-1322,76.34,87.79,100.96,116.1,133.52,153.55,57.26,25.00
323-1323,76.34,87.79,100.96,116.1,133.52,153.55,57.26,25.00
323-1324,76.34,87.79,100.96,116.1,133.52,153.55,57.26,25.00
323-1325,76.34,87.79,100.96,116.1,133.52,153.55,57.26,25.00
323-1326,76.34,87.79,100.96,116.1,133.52,153.55,57.26,25.00
323-1327,76.34,87.79,100.96,116.1,133.52,153.55,57.26,25.00
323-1328,76.34,87.79,100.96,116.1,133.52,153.55,57.26,25.00
323-1329,76.34,87.79,100.96,116.1,133.52,153.55,57.26,25.00
323-1330,76.34,87.79,100.96,116.1,133.52,153.55,57.26,25.00
323-1331,76.34,87.79,100.96,116.1,133.52,153.55,57.26,25.00
323-1332,76.34,87.79,100.96,116.1,133.52,153.55,57.26,25.00
323-1333,76.34,87.79,100.96,116.1,133.52,153.55,57.26,25.00
323-1334,76.34,87.79,100.96,116.1,133.52,153.55,57.26,25.00
323-1335,76.34,87.79,100.96,116.1,133.52,153.55,57.26,25.00
323-1336,76.34,87.79,100.96,116.1,133.52,153.55,57.26,25.00
323-1337,76.34,87.79,100.96,116.1,133.52,153.55,57.26,25.00
323-1338,76.34,87.79,100.96,116.1,133.52,153.55,57.26,25.00
323-1339,76.34,87.79,100.96,116.1,133.52,153.55,57.26,25.00
323-1340,76.34,87.79,100.96,116.1,133.52,153.55,57.26,25.00
323-1341,76.34,87.79,100.96,116.1,133.52,153.55,57.26,25.00
323-1342,76.34,87.79,100.96,116.1,133.52,153.55,57.26,25.00
323-1343,76.34,87.79,100.96,116.1,133.52,153.55,57.26,25.00
323-1344,76.34,87.79,100.96,116.1,133.52,153.55,57.26,25.00
323-1345,76.34,87.79,100.96,116.1,133.52,153.55,57.26,25.00
323-1346,76.34,87.79,100.96,116.1,133.52,153.55,57.26,25.00
323-1347,76.34,87.79,100.96,116.1,133.52,153.55,57.26,25.00
323-1348,76.34,87.79,100.96,116.1,133.52,153.55,57.26,25.00
323-1349,76.34,87.79,100.96,116.1,133.52,153.55,57.26,25.00
323-1350,76.34,87.79,100.96,116.1,133.52,153.55,57.26,25.00
323-1351,76.34,87.79,100.96,116.1,133.52,153.55,57.26,25.00
323-1352,76.34,87.79,100.96,116.1,133.52,153.55,57.26,25.00
323-1353,76.34,87.79,100.96,116.1,133.52,153.55,57.26,25.00
323-1354,76.34,87.79,100.96,116.1,133.52,153.55,57.26,25.00
323-1355,76.34,87.79,100.96,116.1,133.52,153.55,57.26,25.00
323-1356,76.34,87.79,100.96,116.1,133.52,153.55,57.26,25.00
323-1357,76.34,87.79,100.96,116.1,133.52,153.55,57.26,25.00
323-1358,76.34,87.79,100.96,116.1,133.52,153.55,57.26,25.00
323-1359,76.34,87.79,100.96,116.1,133.52,153.55,57.26,25.00
323-1360,76.34,87.79,100.96,116.1,133.52,153.55,57.26,25.00
323-1361,76.34,87.79,100.96,116.1,133.52,153.55,57.26,25.00
323-1362,76.34,87.79,100.96,116.1,133.52,153.55,57.26,25.00
323-1363,76.34,87.79,100.96,116.1,133.52,153.55,57.26,25.00
323-1364,76.34,87.79,100.96,116.1,133.52,153.55,57.26,25.00
323-1365,76.34,87.79,100.96,116.1,133.52,153.55,57.26,25.00
323-1366,76.34,87.79,100.96,116.1,133.52,153.55,57.26,25.00
323-1367,76.34,87.79,100.96,116.1,133.52,153.55,57.26,25.00
323-1368,76.34,87.79,100.96,116.1,133.52,153.55,57.26,25.00
323-1369,76.34,87.79,100.96,116.1,133.52,153.55,57.26,25.00
323-1370,76.34,87.79,100.96,116.1,133.52,153.55,57.26,25.00
323-1371,76.34,87.79,100.96,116.1,133.52,153.55,57.26,25.00
323-1372,76.34,87.79,100.96,116.1,133.52,153.55,57.26,25.00
323-1373,76.34,87.79,100.96,116.1,133.52,153.55,57.26,25.00
323-1374,76.34,87.79,100.96,116.1,133.52,153.55,57.26,25.00
323-1375,76.34,87.79,100.96,116.1,133.52,153.55,57.26,25.00
323-1376,76.34,87.79,100.96,116.1,133.52,153.55,57.26,25.00
323-1377,76.34,87.79,100.96,116.1,133.52,153.55,57.26,25.00
323-1378,76.34,87.79,100.96,116.1,133.52,153.55,57.26,25.00
323-1379,76.34,87.79,100.96,116.1,133.52,153.55,57.26,25.00
323-1380,76.34,87.79,100.96,116.1,133.52,153.55,57.26,25.00
323-1381,76.34,87.79,100.96,116.1,133.52,153.55,57.26,25.00
323-1382,76.34,87.79,100.96,116.1,133.52,153.55,57.26,25.00
323-1383,76.34,87.79,100.96,116.1,133.52,153.55,57.26,25.00
323-1384,76.34,87.79,100.96,116.1,133.52,153.55,57.26,25.00
323-1385,76.34,87.79,100.96,116.1,133.52,153.55,57.26,25.00
323-1386,76.34,87.79,100.96,116.1,133.52,153.55,57.26,25.00
323-1387,76.34,87.79,100.96,116.1,133.52,153.55,57.26,25.00
323-1388,76.34,87.79,100.96,116.1,133.52,153.55,57.26,25.00
323-1389,76.34,87.79,100.96,116.1,133.52,153.55,57.26,25.00
323-1390,76.34,87.79,100.96,116.1,133.52,153.55,57.26,25.00
323-1391,76.34,87.79,100.96,116.1,133.52,153.55,57.26,25.00
323-1392,76.34,87.79,100.96,116.1,133.52,153.55,57.26,25.00
323-1393,76.34,87.79,100.96,116.1,133.52,153.55,57.26,25.00
323-1394,76.34,87.79,100.96,116.1,133.52,153.55,57.26,25.00
323-1395,76.34,87.79,100.96,116.1,133.52,153.55,57.26,25.00
323-1396,76.34,87.79,100.96,116.1,133.52,153.55,57.26,25.00
323-1397,76.34,87.79,100.96,116.1,133.52,153.55,57.26,25.00
323-1398,76.34,87.79,100.96,116.1,133.52,153.55,57.26,25.00
323-1399,76.34,87.79,100.96,116.1,133.52,153.55,57.26,25.00
323-1400,76.34,87.79,100.96,116.1,133.52,153.55,57.26,25.00
323-1401,76.34,87.79,100.96,116.1,133.52,153.55,57.26,25.00
323-1402,76.34,87.79,100.96,116.1,133.52,153.55,57.26,25.00
323-1403,76.34,87.79,100.96,116.1,133.52,153.55,57.26,25.00
323-1404,76.34,87.79,100.96,116.1,133.52,153.55,57.26,25.00
323-1405,76.34,87.79,100.96,116.1,133.52,153.55,57.26,25.00
323-1406,76.34,87.79,100.96,116.1,133.52,153.55,57.26,25.00
323-1407,76.34,87.79,100.96,116.1,133.52,153.55,57.26,25.00
323-1408,76.34,87.79,100.96,116.1,133.52,153.55,57.26,25.00
323-1409,76.34,87.79,100.96,116.1,133.52,153.55,57.26,25.00
323-1410,76.34,87.79,100.96,116.1,133.52,153.55,57.26,25.00
323-1411,76.34,87.79,100.96,116.1,133.52,153.55,57.26,25.00
323-1412,76.34,87.79,100.96,116.1,133.52,153.55,57.26,25.00
323-1413,76.34,87.79,100.96,116.1,133.52,153.55,57.26,25.00
323-1414,76.34,87.79,100.96,116.1,133.52,153.55,57.26,25.00
323-1415,76.34,87.79,100.96,116.1,133.52,153.55,57.26,25.00
323-1416,76.34,87.79,100.96,116.1,133.52,153.55,57.26,25.00
323-1417,76.34,87.79,100.96,116.1,133.52,153.55,57.26,25.00
323-1418,76.34,87.79,100.96,116.1,133.52,153.55,57.26,25.00
323-1419,76.34,87.79,100.96,116.1,133.52,153.55,57.26,25.00
323-1420,76.34,87.79,100.96,116.1,133.52,153.55,57.26,25.00
323-1421,76.34,87.79,100.96,116.1,133.52,153.55,57.26,25.00
323-1422,76.34,87.79,100.96,116.1,133.52,153.55,57.26,25.00
323-1423,76.34,87.79,100.96,116.1,133.52,153.55,57.26,25.00
323-1424,76.34,87.79,100.96,116.1,133.52,153.55,57.26,25.00
323-1425,76.34,87.79,100.96,116.1,133.52,153.55,57.26,25.00
323-1426,76.34,87.79,100.96,116.1,133.52,153.55,57.26,25.00
323-1427,76.34,87.79,100.96,116.1,133.52,153.55,57.26,25.00
323-1428,76.34,87.79,100.96,116.1,133.52,153.55,57.26,25.00
323-1429,76.34,87.79,100.96,116.1,133.52,153.55,57.26,25.00
